mio,B,COM_RAT,Cyclic,D,Dc+y,DIT,DP+T,E,Inner,LCOM,Level,LOC,N,NCLOC,NOAC,NOC,NOIC,OCmax,PDcy,PDpt,STAT,TCOM_RAT,V,WMC,CBO,CLOC,Command,CONS,CSA,CSO,CSOA,Dcy,DPT,INNER,jf,JLOC,Jm,Leve+l,MPC,n,NAAC,NAIC,NOOC,NTP,OCavg,OPavg,OSavg,OSmax,Query,RFC,TODO,String processing,File operations,Network communication,Database operations,Mathematical calculation,User Interface,Business Logic,Data Structures and Algorithms,Systems and Tools,Concurrency and Multithreading,Exception handling,class,1适合LLM,project,真实标签,预测标签
FastDateFormat,1.22160467054248,0.09375,0,94.0172413793103,67,2,19,221859.438141195,0,3,5,160,385,145,32,0,16,2,1,1,41,0.103448275862068,2359.77396152381,38,7,15,0,1,8,76,84,5,2,4,0.0,0,0.0,35,38,70,8,0,3,0,1.02702702702702,1.63888888888888,1.1081081081081,4,35,61,0,1,0,0,0,0,0,0,0,0,0,1,org.apache.commons.lang3.time.FastDateFormat,0,lang,0,0
JavaUnicodeEscaper,0.0857432156594033,0.0,0,12.3076923076923,44,4,3,4125.54693740064,0,3,5,22,69,22,4,0,16,1,1,2,7,0.0,335.200688663802,6,5,0,0,1,3,28,31,2,3,0,1.0,0,0.0,6,6,29,0,3,1,0,1.0,1.66666666666666,1.16666666666666,2,5,9,0,1,0,0,0,0,0,0,0,0,0,0,org.apache.commons.lang3.text.translate.JavaUnicodeEscaper,0,lang,0,0
CharSequenceTranslator,0.346667499112629,0.520833333333333,1,44.625,41,1,20,33539.1130380849,0,2,2,96,130,46,4,8,11,6,1,2,29,1.08695652173913,751.576762758205,10,18,50,1,0,0,17,17,2,17,0,1.0,47,1.0,3,-1,55,0,0,0,0,2.5,1.6,7.25,17,4,18,0,0,0,0,0,0,0,0,0,0,0,0,org.apache.commons.lang3.text.translate.CharSequenceTranslator,0,lang,0,1
ContextedRuntimeException,0.271209763889117,0.0153846153846153,0,40.5,43,4,2,23208.1147438769,0,2,5,65,110,64,8,0,25,2,2,1,23,0.015625,573.039870219184,15,5,1,0,5,7,69,76,3,2,2,0.0,0,0.0,34,15,37,2,5,1,0,1.07142857142857,1.0,1.64285714285714,4,9,26,0,0,0,0,0,0,0,0,0,0,0,1,org.apache.commons.lang3.exception.ContextedRuntimeException,0,lang,0,0
EqualsBuilder,9.25554338025204,0.055045871559633,30,571.285714285714,39,1,937,4626843.0,0,1,1,436,1157,412,33,0,11,14,3,2,267,0.058252427184466,8098.99999999999,114,30,24,5,1,2,47,49,6,25,1,0.0,0,0.0,31,102,128,2,0,0,0,3.35294117647058,1.94117647058823,7.85294117647058,30,28,66,0,0,0,0,0,0,0,0,0,0,0,0,org.apache.commons.lang3.builder.EqualsBuilder,0,lang,0,0
FastDateParser,4.03002512827998,0.0697674418604651,5,154.981132075471,7,1,26,1329362.7743331,5,3,1,301,1062,286,18,0,8,2,1,1,156,0.0524475524475524,8577.57816406798,73,9,21,2,1,27,41,68,7,7,2,0.0,0,0.0,6,27,270,27,0,3,0,2.8076923076923,1.04545454545454,6.0,4,19,73,0,1,0,0,0,0,0,0,0,0,0,1,org.apache.commons.lang3.time.FastDateParser,1,lang,1,0
SerializationUtils,0.70816521558736,0.153061224489795,0,56.527027027027,2,1,1,97922.7876248654,1,2,2,98,271,87,5,0,11,2,1,1,45,0.126436781609195,1732.31802157304,13,3,15,1,1,0,18,18,2,1,0,1.0,0,0.0,2,16,84,0,0,0,0,2.16666666666666,1.0,7.5,3,4,22,0,0,1,0,0,0,0,0,0,0,0,1,org.apache.commons.lang3.SerializationUtils,0,lang,0,0
FormatCache,0.839821286426477,0.597826086956521,0,86.1,1,1,20,126462.627083453,1,1,2,184,243,74,7,1,11,5,1,1,38,2.17241379310344,1468.7877710041,17,2,110,0,0,3,20,23,1,1,0,0.333333333333333,60,0.625,2,-1,66,3,0,0,1,2.42857142857142,2.875,5.42857142857142,16,8,22,0,1,0,0,0,0,0,0,0,0,0,1,org.apache.commons.lang3.time.FormatCache,1,lang,1,1
MethodUtils,2.72006314417557,0.0593607305936073,0,263.571428571428,41,1,5,737140.64961432,0,1,3,219,449,208,13,0,11,6,2,2,102,0.0528846153846153,2796.73959203265,44,8,13,0,1,0,26,26,4,4,0,1.0,0,0.0,33,58,75,0,0,0,0,3.14285714285714,2.92857142857142,7.28571428571428,17,13,35,0,0,0,0,0,0,0,0,0,0,0,0,org.apache.commons.lang3.reflect.MethodUtils,0,lang,0,0
StandardToStringStyle,0.366998065681413,0.326203208556149,0,26.0,40,2,43,36532.3445465098,0,40,2,187,227,166,0,0,78,1,1,1,41,0.126506024096385,1405.09017486576,41,44,61,20,1,21,161,182,1,43,1,0.0,0,0.0,32,41,73,1,20,40,0,1.0,0.48780487804878,1.0,1,20,82,0,0,0,0,0,0,0,0,0,1,0,0,org.apache.commons.lang3.builder.StandardToStringStyle,0,lang,0,0
StrBuilder,26.4599386008249,0.0495207667731629,30,771.932773109243,39,1,937,22364805.7378633,3,5,1,1252,3667,1192,139,0,10,2,3,2,736,0.0529857022708158,28972.4785848654,352,139,62,4,3,6,167,173,10,134,4,0.0,0,0.0,31,6,239,6,0,3,0,2.42758620689655,1.46896551724137,5.07586206896551,2,138,178,2,1,0,0,0,0,0,0,0,0,0,0,org.apache.commons.lang3.text.StrBuilder,1,lang,1,1
AggregateTranslator,0.0445520039900819,0.0,1,9.625,41,2,20,1545.19305585782,0,1,2,16,36,16,1,0,14,3,2,2,6,0.0,160.539538270942,4,4,0,0,1,1,18,19,2,3,0,0.0,0,0.0,3,2,22,1,0,0,0,2.0,2.0,3.0,5,1,4,0,0,0,0,0,0,0,0,0,0,0,1,org.apache.commons.lang3.text.translate.AggregateTranslator,0,lang,0,1
ConcurrentException,0.0303002915594422,0.0,3,8.66666666666666,4,3,15,866.666666666666,0,0,1,12,25,12,0,0,26,1,1,1,3,0.0,100.0,3,10,0,0,3,6,46,52,1,10,1,0.0,0,0.0,4,5,16,1,5,0,0,1.0,1.0,1.0,1,0,7,0,0,0,0,0,0,0,0,0,0,1,1,org.apache.commons.lang3.concurrent.ConcurrentException,0,lang,0,1
BooleanUtils,3.06481850818941,0.0947630922693266,0,126.470588235294,41,1,1,881635.409387158,0,19,3,401,1026,363,39,0,11,16,2,1,199,0.104683195592286,6971.0706788752,125,4,38,0,1,0,52,52,3,1,0,1.0,0,0.0,33,52,111,0,0,0,0,3.125,1.75,4.975,47,39,50,0,0,0,0,0,0,0,0,0,0,0,0,org.apache.commons.lang3.BooleanUtils,0,lang,0,0
ImmutablePair,0.0495054521915287,0.0384615384615384,30,10.8,39,2,937,1809.92854610565,0,4,1,26,41,25,4,0,18,1,1,2,7,0.04,167.585976491263,5,4,1,0,1,3,32,35,1,4,3,0.0,0,0.0,31,1,17,3,0,0,2,1.0,1.0,1.4,3,4,6,0,0,0,0,0,0,0,0,1,0,0,0,org.apache.commons.lang3.tuple.ImmutablePair,0,lang,0,1
IDKey,0.0562954827386422,0.178571428571428,0,12.1875,0,1,940,2194.78611219476,0,0,1,28,41,23,0,0,9,3,0,1,9,0.217391304347826,180.085014333929,5,4,5,0,1,2,15,17,0,4,0,0.0,0,0.0,1,1,21,2,0,2,0,1.66666666666666,0.666666666666666,3.0,6,2,4,0,0,0,0,0,0,0,0,0,0,0,0,org.apache.commons.lang3.builder.IDKey,0,lang,0,1
BitField,0.582780092518164,0.0,0,70.0,0,1,1,73103.6302622691,0,1,1,67,199,67,17,0,11,3,0,1,25,0.0,1044.33757517527,23,1,0,0,1,2,30,32,0,1,0,0.0,0,0.0,1,14,38,2,0,0,0,1.27777777777777,1.27777777777777,1.38888888888888,8,17,18,0,0,0,0,0,0,0,0,1,0,0,0,org.apache.commons.lang3.BitField,0,lang,0,1
TypeUtils,6.20720356576098,0.219551282051282,0,294.6,40,1,1,2541124.0387729,0,3,2,624,1187,487,27,0,11,15,1,1,286,0.281314168377823,8625.67562380485,146,3,137,1,1,0,40,40,2,1,0,1.0,0,0.0,32,152,154,0,0,0,0,5.21428571428571,1.92857142857142,10.2142857142857,30,26,67,0,0,0,0,0,0,0,0,0,0,0,0,org.apache.commons.lang3.reflect.TypeUtils,0,lang,0,0
DateUtils,7.24306297264885,0.123824451410658,0,232.105263157894,1,1,43,3203061.47276697,1,5,2,638,1778,560,58,0,11,7,1,1,336,0.139285714285714,13800.0380912862,146,41,79,1,1,15,71,86,1,40,0,0.0,0,0.0,2,6,217,15,0,0,0,2.47457627118644,2.15254237288135,5.69491525423728,21,57,92,0,0,0,0,0,0,0,0,0,1,0,1,org.apache.commons.lang3.time.DateUtils,0,lang,0,0
PatternOptionBuilder,0.542687941048372,0.0909090909090909,0,45.5,11,1,1,65691.1914903563,0,1,6,88,234,81,5,0,11,10,1,1,50,0.0864197530864197,1443.7624503375,19,6,8,1,0,10,17,27,5,1,0,0.1,1,0.0,8,24,72,10,0,0,0,3.8,0.8,10.0,25,4,18,0,0,1,0,0,0,0,0,0,1,0,1,org.apache.commons.cli.PatternOptionBuilder,0,cli,0,1
Converter,7.23447271711438,0.0708215297450425,1,434.294117647058,18,1,2,3197364.92764128,1,2,1,353,1008,328,27,0,11,11,1,1,202,0.0762195121951219,7362.21099416251,91,15,25,12,3,9,44,53,14,2,1,0.0,0,0.0,2,188,158,9,0,0,0,3.03333333333333,1.16666666666666,6.73333333333333,36,15,87,0,0,0,0,0,0,0,0,0,1,0,1,org.apache.commons.cli.DefaultParser,1,cli,1,0
MissingOptionException,0.122577611367215,0.0,0,22.0,1,4,11,7051.77770196731,0,2,2,27,62,27,2,0,26,4,1,1,13,0.0,320.535350089423,7,4,0,0,2,7,49,56,1,3,1,0.0,0,0.0,2,13,36,2,5,0,0,1.75,0.75,3.25,9,2,13,0,1,0,0,0,0,0,0,0,0,0,1,org.apache.commons.cli.MissingOptionException,0,cli,0,1
CommandLine,2.11121538359809,0.0280898876404494,0,168.303571428571,8,1,13,504058.212178026,1,1,4,178,458,173,35,0,11,5,1,1,74,0.0289017341040462,2994.93473548747,58,10,5,2,1,3,48,51,4,6,1,0.0,0,0.0,5,87,93,3,0,0,0,1.61111111111111,1.19444444444444,2.05555555555555,9,33,61,0,0,0,0,0,0,0,0,0,0,0,1,org.apache.commons.cli.CommandLine,0,cli,0,0
Constants,0.0462106564372013,0.037037037037037,0,4.0,0,1,33,1632.28161436286,0,0,1,27,84,26,0,0,11,1,0,1,0,0.0384615384615384,408.070403590716,1,6,1,0,1,22,13,35,0,6,0,0.0,0,0.0,1,1,29,22,0,0,0,1.0,0.0,0.0,0,0,2,0,1,0,0,0,0,0,0,0,0,0,0,org.apache.commons.csv.Constants,1,csv,1,1
Lexer,3.31997259139275,0.138888888888888,7,181.173333333333,15,1,30,993993.69485062,0,2,2,324,755,288,20,0,11,14,1,1,180,0.125,5486.42383822465,78,8,45,2,1,14,35,49,6,2,2,0.0,0,0.0,9,91,154,14,0,0,0,3.71428571428571,0.761904761904761,8.57142857142857,39,18,49,4,1,0,0,0,0,0,0,0,0,0,1,org.apache.commons.csv.Lexer,0,csv,0,0
gsonJsonObject,0.454785844372776,0.028169014084507,50,63.576923076923,103,2,190,50395.5616491705,0,1,3,71,147,70,17,0,30,2,2,2,22,0.0142857142857142,792.670661148477,26,42,2,5,1,1,55,56,5,38,0,0.0,0,0.0,53,22,42,1,0,2,0,1.3,0.85,1.1,4,14,37,0,1,0,0,0,0,0,0,1,1,0,0,com.google.gson.JsonObject,0,gson,0,0
JsonPrimitive,1.35373699670078,0.0862068965517241,50,118.3,103,2,190,258811.356576684,0,2,3,174,337,161,5,0,18,8,2,2,64,0.0807453416149068,2187.7544934631,50,45,15,0,4,1,58,59,3,43,0,0.0,0,0.0,53,81,90,1,0,14,0,2.17391304347826,0.260869565217391,2.78260869565217,16,19,55,0,1,0,0,0,0,0,0,0,0,0,0,com.google.gson.JsonPrimitive,0,gson,0,0
Primitives,0.699108462185757,0.0,0,116.666666666666,0,1,195,96050.2988669439,0,4,1,43,182,43,4,0,11,10,0,3,40,0.0,823.288276002376,23,6,0,0,1,0,17,17,0,6,0,1.0,0,0.0,1,1,23,0,0,0,0,4.6,0.8,8.0,19,4,6,0,0,0,0,0,0,0,0,0,0,0,0,com.google.gson.internal.Primitives,1,gson,1,1
PreJava9DateFormatProvider,0.126774169506338,0.0,0,13.9285714285714,0,1,192,7416.99597528348,0,1,1,52,103,52,5,0,11,6,0,2,35,0.0,532.502275148558,20,2,0,0,1,0,18,18,0,2,0,1.0,0,0.0,1,3,36,0,0,0,0,3.33333333333333,1.0,5.83333333333333,11,5,8,0,1,0,0,0,0,0,0,0,0,0,0,com.google.gson.internal.PreJava9DateFormatProvider,0,gson,0,1
Streams,0.348566763543658,0.032258064516129,50,32.6607142857142,103,1,190,33815.1130028888,1,2,3,31,176,30,3,0,11,2,4,2,14,0.192307692307692,1035.34517668768,6,17,1,1,1,0,16,16,12,6,0,1.0,0,0.0,53,0,59,0,0,0,0,1.5,1.0,3.5,1,2,11,0,0,0,0,0,0,0,0,0,1,0,0,com.google.gson.internal.Streams,0,gson,0,1
NonNullElementWrapperList,0.364081765929082,0.0375,0,57.0,0,3,206,36097.7618624298,0,1,1,80,116,78,3,0,32,2,0,2,20,0.0256410256410256,633.294067761926,19,16,3,2,1,2,114,116,0,16,4,0.0,0,0.0,1,19,44,1,1,14,1,1.05555555555555,0.888888888888888,1.11111111111111,3,15,36,1,0,0,0,0,0,0,0,0,0,0,1,com.google.gson.internal.NonNullElementWrapperList,0,gson,0,1
NumberTypeAdapter,0.136021042422612,0.0,50,19.8529411764705,103,2,190,8243.10876614488,0,3,3,44,77,44,4,0,18,4,3,1,18,0.0,415.208441553964,11,10,0,1,1,2,27,29,10,1,0,0.0,0,0.0,53,8,42,2,0,0,0,1.83333333333333,1.2,3.0,10,3,11,0,0,0,0,0,0,0,0,0,0,0,1,com.google.gson.internal.bind.NumberTypeAdapter,0,gson,0,1
CollectionTypeAdapterFactory,0.291098744726351,0.05,50,39.5227272727272,103,1,190,25807.2887539833,1,1,3,20,111,20,1,0,11,2,4,1,10,0.0,652.973378479164,3,8,1,0,1,1,15,16,8,1,1,0.0,0,0.0,53,12,59,1,0,0,0,1.5,1.5,5.0,9,1,10,0,0,0,0,0,0,0,0,0,0,0,0,com.google.gson.internal.bind.CollectionTypeAdapterFactory,1,gson,1,1
Excluder,1.16200371230901,0.0186335403726708,50,88.6666666666666,103,1,190,205822.645186719,0,1,3,161,341,158,12,0,10,12,5,3,81,0.032051282051282,2321.30802842164,42,16,3,0,0,8,26,34,12,5,2,0.0,0,0.0,53,45,112,8,0,1,0,2.625,1.23076923076923,5.0625,19,13,37,0,0,0,0,0,0,0,0,0,1,0,0,com.google.gson.internal.Excluder,0,gson,0,0
ReflectionHelper,1.32061887998841,0.0359712230215827,1,85.0694444444444,8,1,202,249372.256303557,3,4,2,139,410,134,15,0,11,1,3,3,54,0.0775193798449612,2931.39631899692,25,19,5,2,1,1,28,29,7,13,0,0.0,0,0.0,3,0,142,1,0,0,0,1.5625,1.125,3.375,1,13,51,0,0,0,0,0,0,0,0,0,0,0,1,com.google.gson.internal.reflect.ReflectionHelper,1,gson,1,0
TreeTypeAdapter,0.67097296695776,0.037037037037037,50,56.9605263157894,103,3,190,90310.7432956718,2,4,3,81,253,78,7,0,18,1,5,2,28,0.0384615384615384,1585.49699479581,15,16,3,1,2,8,32,40,13,5,0,0.0,0,0.0,53,3,77,8,0,0,1,1.66666666666666,2.22222222222222,3.11111111111111,1,6,21,0,0,0,0,0,0,0,0,0,0,0,0,com.google.gson.internal.bind.TreeTypeAdapter,0,gson,0,1
Drone,0.102376672493609,0.0581395348837209,147,7.44230769230769,172,2,562,5382.49204587761,0,9,1,86,141,81,25,0,14,1,1,1,26,0.0617283950617283,723.22890538924,26,4,5,0,1,1,42,43,3,2,0,1.0,5,0.0,148,43,35,0,1,0,0,1.0,0.0384615384615384,1.0,1,25,29,0,1,0,0,0,0,0,0,0,0,0,0,net.datafaker.providers.base.Drone,0,dat,0,0
Science,0.0246943551168509,0.09375,147,4.0,172,2,562,637.644203235053,0,8,1,32,39,29,8,0,14,1,1,1,9,0.103448275862068,159.411050808763,9,3,3,0,1,1,25,26,2,2,0,1.0,3,0.0,148,9,17,0,1,0,0,1.0,0.111111111111111,1.0,1,8,11,0,0,0,0,0,0,0,0,0,0,0,0,net.datafaker.providers.base.Science,0,dat,0,0
Horse,0.0116855568482251,0.214285714285714,147,4.0,172,2,562,207.565897118237,0,2,1,14,15,11,2,0,14,1,1,1,3,0.272727272727272,51.8914742795594,3,3,3,0,1,1,19,20,2,2,0,1.0,3,0.0,148,3,11,0,1,0,0,1.0,0.333333333333333,1.0,1,2,5,0,0,0,0,0,0,0,0,0,0,0,0,net.datafaker.providers.base.Horse,0,dat,0,0
Australia,0.0140091209533893,0.176470588235294,147,4.0,172,2,562,272.457150054807,0,3,1,17,19,14,3,0,14,1,1,1,4,0.214285714285714,68.1142875137019,4,3,3,0,1,1,20,21,2,2,0,1.0,3,0.0,148,4,12,0,1,0,0,1.0,0.25,1.0,1,3,6,0,0,0,0,0,0,0,1,0,0,0,0,net.datafaker.providers.base.Australia,0,dat,0,0
Supernatural,0.0140091209533893,0.263157894736842,72,4.0,250,2,149,272.457150054807,0,3,2,19,19,14,3,0,14,1,2,1,4,0.357142857142857,68.1142875137019,4,4,5,0,1,1,20,21,2,3,0,1.0,5,0.0,221,4,12,0,1,0,0,1.0,0.25,1.0,1,3,6,0,1,0,0,0,0,0,0,0,0,0,0,net.datafaker.providers.entertainment.Supernatural,0,dat,0,0
SqlTransformer,5.29794727828901,0.00609756097560975,1,211.06640625,180,1,2,2003749.05402639,3,2,4,328,1219,326,14,0,12,4,3,1,222,0.00613496932515337,9493.45321989815,86,14,2,1,1,15,32,47,13,2,1,0.0,0,0.0,152,2,221,15,0,1,1,5.375,2.25,13.875,8,14,60,0,0,0,0,1,0,0,0,0,0,0,0,net.datafaker.transformations.sql.SqlTransformer,0,dat,0,0
RockBand,0.00924926767232275,0.272727272727272,147,4.0,172,2,562,146.164836175043,0,1,1,11,11,8,1,0,14,1,1,1,2,0.375,36.5412090437609,2,3,3,0,1,1,18,19,2,2,0,1.0,3,0.0,148,2,10,0,1,0,0,1.0,0.5,1.0,1,1,4,0,1,0,0,0,0,0,0,0,0,0,0,net.datafaker.providers.base.RockBand,0,dat,0,0
Demographic,0.0184321851713932,0.130434782608695,147,4.0,172,2,562,411.194331582221,0,5,1,23,27,20,5,0,14,1,1,1,6,0.15,102.798582895555,6,3,3,0,1,1,22,23,2,2,0,1.0,3,0.0,148,6,14,0,1,0,0,1.0,0.166666666666666,1.0,1,5,8,0,1,0,0,0,0,0,0,0,0,0,0,net.datafaker.providers.base.Demographic,0,dat,0,0
Esports,0.0207816459655283,0.2,28,4.5,201,2,61,492.268215046673,0,5,2,25,28,20,5,0,14,1,2,1,6,0.25,109.392936677038,6,4,5,0,1,1,22,23,2,3,0,1.0,5,0.0,177,6,15,0,1,0,0,1.0,0.166666666666666,1.0,1,5,8,0,0,0,0,0,0,0,1,0,0,0,0,net.datafaker.providers.videogame.Esports,0,dat,0,0
FoodFaker,0.030497548040204,0.0,0,8.0,180,2,6,875.143493416308,0,0,3,19,28,19,0,0,164,1,3,1,5,0.0,109.392936677038,6,11,0,0,6,2,199,201,5,6,3,1.0,0,0.0,155,5,15,0,2,0,0,1.0,1.33333333333333,0.833333333333333,1,0,11,0,0,0,0,0,0,0,0,0,0,0,0,net.datafaker.providers.food.FoodFaker,0,dat,0,0
HeyArnold,0.0140091209533893,0.263157894736842,72,4.0,250,2,149,272.457150054807,0,3,2,19,19,14,3,0,14,1,2,1,4,0.357142857142857,68.1142875137019,4,4,5,0,1,1,20,21,2,3,0,1.0,5,0.0,221,4,12,0,1,0,0,1.0,0.25,1.0,1,3,6,0,0,0,0,0,0,0,1,0,0,0,0,net.datafaker.providers.entertainment.HeyArnold,0,dat,0,0
Tea,0.0173933986446195,0.541666666666666,5,5.5,179,2,15,376.928137283702,0,1,2,24,18,11,2,0,14,1,2,1,3,1.18181818181818,68.5323885970368,3,4,13,0,1,1,19,20,2,3,0,1.0,13,0.666666666666666,154,5,14,0,1,0,0,1.0,0.333333333333333,1.0,1,2,6,0,1,0,0,0,0,0,0,0,0,0,0,net.datafaker.providers.food.Tea,0,dat,0,0
Photography,0.0267085230403704,0.5,147,4.0,172,2,562,717.227100248077,0,9,1,64,43,32,9,0,14,1,1,1,10,1.0,179.306775062019,10,3,32,0,1,1,26,27,2,2,0,1.0,32,0.9,148,10,18,0,1,0,0,1.0,0.1,1.0,1,9,12,0,1,0,0,0,0,0,0,0,0,0,0,net.datafaker.providers.base.Photography,0,dat,0,0
Medical,0.0318903472066114,0.107142857142857,147,6.1875,172,2,562,935.773524218749,0,5,1,28,37,25,6,0,14,1,1,1,9,0.12,151.236125126262,7,4,3,0,1,1,23,24,3,2,0,1.0,3,0.0,148,9,17,0,1,0,0,1.0,0.142857142857142,1.28571428571428,2,6,10,0,1,0,0,0,0,0,0,0,0,0,0,net.datafaker.providers.base.Medical,0,dat,0,0
Hashing,0.0874977875905588,0.0833333333333333,147,12.6,172,2,562,4252.82478126583,0,1,1,36,63,33,7,0,14,1,1,1,13,0.0909090909090909,337.525776290939,8,4,3,0,1,1,24,25,3,2,0,1.0,3,0.0,148,15,41,0,1,0,0,1.0,0.375,1.625,6,7,19,0,1,0,0,0,0,0,0,0,0,0,1,net.datafaker.providers.base.Hashing,0,dat,0,0
DateAndTime,1.59591246359839,0.57471264367816,147,101.451612903225,172,2,562,331280.201579617,0,1,1,348,465,148,26,0,14,10,2,2,81,1.35135135135135,3265.40103305823,40,9,200,0,1,3,43,46,4,6,0,0.0,200,0.888888888888888,148,98,130,2,1,0,0,1.48148148148148,2.48148148148148,3.0,26,26,64,0,1,0,0,0,0,0,0,0,1,0,0,net.datafaker.providers.base.DateAndTime,0,dat,0,0
RuPaulDragRace,0.0116855568482251,0.3125,72,4.0,250,2,149,207.565897118237,0,2,2,16,15,11,2,0,14,1,2,1,3,0.454545454545454,51.8914742795594,3,4,5,0,1,1,19,20,2,3,0,1.0,5,0.0,221,3,11,0,1,0,0,1.0,0.333333333333333,1.0,1,2,5,0,1,0,0,0,0,0,0,0,0,0,0,net.datafaker.providers.entertainment.RuPaulDragRace,0,dat,0,0
Schema,0.0586010565933806,0.0,147,13.0,172,1,562,2330.98807580625,1,2,1,13,43,13,2,1,11,1,1,5,3,0.0,179.306775062019,3,17,0,0,1,1,15,16,1,16,0,0.0,0,0.0,148,4,18,1,0,0,2,1.0,0.666666666666666,1.0,1,2,3,0,0,0,0,0,0,0,0,1,0,0,0,net.datafaker.transformations.Schema,0,dat,0,0
SuperSmashBros,0.0116855568482251,0.3125,28,4.0,201,2,61,207.565897118237,0,2,2,16,15,11,2,0,14,1,2,1,3,0.454545454545454,51.8914742795594,3,4,5,0,1,1,19,20,2,3,0,1.0,5,0.0,177,3,11,0,1,0,0,1.0,0.333333333333333,1.0,1,2,5,0,1,0,0,0,0,0,0,0,0,0,0,net.datafaker.providers.videogame.SuperSmashBros,0,dat,0,0
ClashOfClans,0.0140091209533893,0.263157894736842,28,4.0,201,2,61,272.457150054807,0,3,2,19,19,14,3,0,14,1,2,1,4,0.357142857142857,68.1142875137019,4,4,5,0,1,1,20,21,2,3,0,1.0,5,0.0,177,4,12,0,1,0,0,1.0,0.25,1.0,1,3,6,0,0,0,0,0,0,0,0,0,0,0,0,net.datafaker.providers.videogame.ClashOfClans,0,dat,0,0
DungeonsAndDragons,0.0267085230403704,0.179487179487179,147,4.0,172,2,562,717.227100248077,0,9,1,39,43,32,9,0,14,1,1,1,10,0.21875,179.306775062019,10,3,7,0,1,1,26,27,2,2,0,1.0,7,0.0,148,10,18,0,1,0,0,1.0,0.1,1.0,1,9,12,0,0,0,0,0,0,0,0,0,0,0,0,net.datafaker.providers.base.DungeonsAndDragons,0,dat,0,0
OlympicSport,0.0205611484486425,0.115384615384615,147,4.0,172,2,562,484.454433855456,0,6,1,26,31,23,6,0,14,1,1,1,7,0.130434782608695,121.113608463864,7,4,3,0,1,1,23,24,2,3,0,1.0,3,0.0,148,7,15,0,1,0,0,1.0,0.142857142857142,1.0,1,6,9,0,1,0,0,0,0,0,1,0,0,0,0,net.datafaker.providers.base.OlympicSport,0,dat,0,0
ElderScrolls,0.0246943551168509,0.147058823529411,28,4.0,201,2,61,637.644203235053,0,8,2,34,39,29,8,0,14,1,2,1,9,0.172413793103448,159.411050808763,9,3,5,0,1,1,25,26,2,2,0,1.0,5,0.0,177,9,17,0,1,0,0,1.0,0.111111111111111,1.0,1,8,11,0,1,0,0,0,0,0,0,0,0,0,0,net.datafaker.providers.videogame.ElderScrolls,0,dat,0,0
CompositeField,0.0203189375910709,0.0,147,6.25,172,2,562,475.9193652572,0,2,1,15,20,15,2,0,12,1,2,2,4,0.0,76.147098441152,3,7,0,0,1,2,19,21,3,5,1,0.0,0,0.0,148,1,14,1,1,0,2,1.0,1.0,1.33333333333333,2,2,4,0,0,0,0,0,0,0,1,0,0,0,0,net.datafaker.transformations.CompositeField,1,dat,1,0
University,0.0140091209533893,0.176470588235294,147,4.0,172,2,562,272.457150054807,0,3,1,17,19,14,3,0,14,1,1,1,4,0.214285714285714,68.1142875137019,4,3,3,0,1,1,20,21,2,2,0,1.0,3,0.0,148,4,12,0,1,0,0,1.0,0.25,1.0,1,3,6,0,1,0,0,0,0,0,0,0,0,0,0,net.datafaker.providers.base.University,0,dat,0,0
SoulKnight,0.0230759931249185,0.51063829787234,28,4.5,201,2,61,576.0,0,6,2,47,32,23,6,0,14,1,2,1,7,1.04347826086956,128.0,7,3,24,0,1,1,23,24,2,2,0,1.0,24,0.857142857142857,177,7,16,0,1,0,0,1.0,0.142857142857142,1.0,1,6,9,0,1,0,0,0,0,0,0,0,0,0,0,net.datafaker.providers.videogame.SoulKnight,0,dat,0,0
Chiquito,0.0162519765125012,0.15,147,4.0,172,2,562,340.44045406898,0,4,1,20,23,17,4,0,14,1,1,1,5,0.176470588235294,85.1101135172451,5,4,3,0,1,1,21,22,2,3,0,1.0,3,0.0,148,5,13,0,1,0,0,1.0,0.2,1.0,1,4,7,0,1,0,0,0,0,0,0,0,0,0,0,net.datafaker.providers.base.Chiquito,0,dat,0,0
Cricket,0.0162519765125012,0.15,8,4.0,181,2,21,340.44045406898,0,4,2,20,23,17,4,0,14,1,2,1,5,0.176470588235294,85.1101135172451,5,4,3,0,1,1,21,22,2,3,0,1.0,3,0.0,157,5,13,0,1,0,0,1.0,0.2,1.0,1,4,7,0,0,0,0,0,0,0,0,0,0,0,0,net.datafaker.providers.sport.Cricket,0,dat,0,0
BackToTheFuture,0.0140091209533893,0.176470588235294,72,4.0,250,2,149,272.457150054807,0,3,2,17,19,14,3,0,14,1,2,1,4,0.214285714285714,68.1142875137019,4,4,3,0,1,1,20,21,2,3,0,1.0,3,0.0,221,4,12,0,1,0,0,1.0,0.25,1.0,1,3,6,0,1,0,0,0,0,0,1,0,0,0,0,net.datafaker.providers.entertainment.BackToTheFuture,0,dat,0,0
TheExpanse,0.0162519765125012,0.227272727272727,72,4.0,250,2,149,340.44045406898,0,4,2,22,23,17,4,0,14,1,2,1,5,0.294117647058823,85.1101135172451,5,4,5,0,1,1,21,22,2,3,0,1.0,5,0.0,221,5,13,0,1,0,0,1.0,0.2,1.0,1,4,7,0,1,0,0,0,0,0,0,0,0,0,0,net.datafaker.providers.entertainment.TheExpanse,0,dat,0,0
DarkSouls,0.0167196990684637,0.260869565217391,28,4.0,201,2,61,355.242212941544,0,4,2,23,24,17,4,0,14,1,2,1,5,0.352941176470588,88.8105532353862,5,4,6,0,1,1,21,22,2,3,0,1.0,6,0.0,177,5,13,0,1,0,0,1.0,0.2,1.0,1,4,7,0,0,0,0,0,0,0,1,0,0,0,0,net.datafaker.providers.videogame.DarkSouls,0,dat,0,0
Control,0.0246943551168509,0.147058823529411,28,4.0,201,2,61,637.644203235053,0,8,2,34,39,29,8,0,14,1,2,1,9,0.172413793103448,159.411050808763,9,3,5,0,1,1,25,26,2,2,0,1.0,5,0.0,177,9,17,0,1,0,0,1.0,0.111111111111111,1.0,1,8,11,0,1,0,0,0,0,0,1,0,0,0,0,net.datafaker.providers.videogame.Control,0,dat,0,0
FullmetalAlchemist,0.0140091209533893,0.176470588235294,72,4.0,250,2,149,272.457150054807,0,3,2,17,19,14,3,0,14,1,2,1,4,0.214285714285714,68.1142875137019,4,4,3,0,1,1,20,21,2,3,0,1.0,3,0.0,221,4,12,0,1,0,0,1.0,0.25,1.0,1,3,6,0,1,0,0,0,0,0,1,0,0,0,0,net.datafaker.providers.entertainment.FullmetalAlchemist,0,dat,0,0
SingletonLocale,0.149147441804139,0.119047619047619,0,30.3571428571428,0,1,574,9464.67259077438,0,2,1,42,68,37,2,0,9,4,0,6,16,0.135135135135135,311.777450049038,8,31,5,0,1,3,17,20,0,31,0,0.0,4,0.0,1,4,24,3,0,2,0,1.6,0.6,3.2,12,4,9,0,0,0,0,0,0,0,0,1,0,0,1,net.datafaker.internal.helper.SingletonLocale,1,dat,1,1
Zelda,0.013513156953298,0.3125,28,4.5,201,2,61,258.117300051923,0,2,2,16,16,11,2,0,14,1,2,1,3,0.454545454545454,57.3594000115385,3,4,5,0,1,1,19,20,2,3,0,1.0,5,0.0,177,3,12,0,1,0,0,1.0,0.333333333333333,1.0,1,2,5,0,0,0,0,0,0,0,1,0,0,0,0,net.datafaker.providers.videogame.Zelda,0,dat,0,0
Team,0.0162519765125012,0.15,147,4.0,172,2,562,340.44045406898,0,4,1,20,23,17,4,0,14,1,1,1,5,0.176470588235294,85.1101135172451,5,3,3,0,1,1,21,22,2,2,0,1.0,3,0.0,148,5,13,0,1,0,0,1.0,0.2,1.0,1,4,7,0,1,0,0,0,0,0,0,0,0,0,0,net.datafaker.providers.base.Team,0,dat,0,0
ProgrammingLanguage,0.0104050722293789,0.214285714285714,147,3.5,172,2,562,174.401224981586,0,2,1,14,15,11,2,0,14,1,1,1,3,0.272727272727272,49.8289214233104,3,3,3,0,1,1,19,20,2,2,0,1.0,3,0.0,148,3,10,0,1,0,0,1.0,0.333333333333333,1.0,1,2,5,0,1,0,0,0,0,0,0,0,1,0,0,net.datafaker.providers.base.ProgrammingLanguage,0,dat,0,0
FakeResolver,0.277955588532338,0.0,147,39.6666666666666,172,1,562,24079.3632068302,0,1,1,44,105,44,3,0,11,4,2,2,26,0.0,607.042769920089,8,6,0,1,1,1,16,17,4,2,0,0.0,0,0.0,148,16,55,1,0,0,1,2.0,1.25,6.5,17,2,20,0,0,0,0,0,0,0,1,0,0,0,1,net.datafaker.annotations.FakeResolver,0,dat,0,0
FreshPrinceOfBelAir,0.0140091209533893,0.263157894736842,72,4.0,250,2,149,272.457150054807,0,3,2,19,19,14,3,0,14,1,2,1,4,0.357142857142857,68.1142875137019,4,4,5,0,1,1,20,21,2,3,0,1.0,5,0.0,221,4,12,0,1,0,0,1.0,0.25,1.0,1,3,6,0,0,0,0,0,0,0,0,0,0,0,0,net.datafaker.providers.entertainment.FreshPrinceOfBelAir,0,dat,0,0
datWordUtils,0.0588687749646724,0.0,0,16.25,0,1,565,2346.97995117758,0,1,1,8,34,8,1,0,11,4,0,2,7,0.0,144.429535457081,4,4,0,0,0,0,13,13,0,4,0,1.0,0,0.0,1,6,19,0,0,0,0,4.0,1.0,7.0,7,1,7,0,1,0,0,0,0,0,0,0,0,0,0,net.datafaker.internal.helper.WordUtils,0,dat,0,1
Artist,0.00924926767232275,0.272727272727272,147,4.0,172,2,562,146.164836175043,0,1,1,11,11,8,1,0,14,1,1,1,2,0.375,36.5412090437609,2,3,3,0,1,1,18,19,2,2,0,1.0,3,0.0,148,2,10,0,1,0,0,1.0,0.5,1.0,1,1,4,0,1,0,0,0,0,0,0,0,0,0,0,net.datafaker.providers.base.Artist,0,dat,0,0
Military,0.0184321851713932,0.2,147,4.0,172,2,562,411.194331582221,0,5,1,25,27,20,5,0,14,1,1,1,6,0.25,102.798582895555,6,3,5,0,1,1,22,23,2,2,0,1.0,5,0.0,148,6,14,0,1,0,0,1.0,0.166666666666666,1.0,1,5,8,0,1,0,0,0,0,0,0,0,0,0,0,net.datafaker.providers.base.Military,0,dat,0,0
TheRoom,0.0162519765125012,0.227272727272727,72,4.0,250,2,149,340.44045406898,0,4,2,22,23,17,4,0,14,1,2,1,5,0.294117647058823,85.1101135172451,5,4,5,0,1,1,21,22,2,3,0,1.0,5,0.0,221,5,13,0,1,0,0,1.0,0.2,1.0,1,4,7,0,0,0,0,0,0,0,1,0,0,0,0,net.datafaker.providers.entertainment.TheRoom,0,dat,0,0
Hobbit,0.0162519765125012,0.15,72,4.0,250,2,149,340.44045406898,0,4,2,20,23,17,4,0,14,1,2,1,5,0.176470588235294,85.1101135172451,5,4,3,0,1,1,21,22,2,3,0,1.0,3,0.0,221,5,13,0,1,0,0,1.0,0.2,1.0,1,4,7,0,0,0,0,0,0,0,1,0,0,0,0,net.datafaker.providers.entertainment.Hobbit,1,dat,1,0
Babylon5,0.0116855568482251,0.214285714285714,72,4.0,250,2,149,207.565897118237,0,2,2,14,15,11,2,0,14,1,2,1,3,0.272727272727272,51.8914742795594,3,4,3,0,1,1,19,20,2,3,0,1.0,3,0.0,221,3,11,0,1,0,0,1.0,0.333333333333333,1.0,1,2,5,0,0,0,0,0,0,0,0,0,1,0,0,net.datafaker.providers.entertainment.Babylon5,0,dat,0,0
Volleyball,0.0184321851713932,0.130434782608695,8,4.0,181,2,21,411.194331582221,0,5,2,23,27,20,5,0,14,1,2,1,6,0.15,102.798582895555,6,3,3,0,1,1,22,23,2,2,0,1.0,3,0.0,157,6,14,0,1,0,0,1.0,0.166666666666666,1.0,1,5,8,0,1,0,0,0,0,0,1,0,0,0,0,net.datafaker.providers.sport.Volleyball,0,dat,0,0
SwordArtOnline,0.0162519765125012,0.227272727272727,72,4.0,250,2,149,340.44045406898,0,4,2,22,23,17,4,0,14,1,2,1,5,0.294117647058823,85.1101135172451,5,4,5,0,1,1,21,22,2,3,0,1.0,5,0.0,221,5,13,0,1,0,0,1.0,0.2,1.0,1,4,7,0,1,0,0,0,0,0,0,0,0,0,0,net.datafaker.providers.entertainment.SwordArtOnline,0,dat,0,0
HowToTrainYourDragon,0.0140091209533893,0.263157894736842,72,4.0,250,2,149,272.457150054807,0,3,2,19,19,14,3,0,14,1,2,1,4,0.357142857142857,68.1142875137019,4,4,5,0,1,1,20,21,2,3,0,1.0,5,0.0,221,4,12,0,1,0,0,1.0,0.25,1.0,1,3,6,0,1,0,0,0,0,0,0,0,0,0,0,net.datafaker.providers.entertainment.HowToTrainYourDragon,0,dat,0,0
OscarMovie,0.0828249376970904,0.573333333333333,72,9.88235294117647,250,2,149,3916.72931832938,0,3,2,75,80,32,7,0,14,1,2,1,11,1.34375,396.33570483095,8,5,43,0,1,4,24,28,3,3,0,0.0,43,1.0,221,25,31,3,1,0,0,1.0,0.125,1.375,4,7,13,0,1,0,0,0,0,0,1,0,0,0,0,net.datafaker.providers.entertainment.OscarMovie,0,dat,0,0
FamousLastWords,0.00924926767232275,0.5,147,4.0,172,2,562,146.164836175043,0,1,1,16,11,8,1,0,14,1,1,1,2,1.0,36.5412090437609,2,3,8,0,1,1,18,19,2,2,0,1.0,8,0.5,148,2,10,0,1,0,0,1.0,0.5,1.0,1,1,4,0,1,0,0,0,0,0,1,0,0,0,0,net.datafaker.providers.base.FamousLastWords,0,dat,0,0
Formula1,0.0162519765125012,0.15,8,4.0,181,2,21,340.44045406898,0,4,2,20,23,17,4,0,14,1,2,1,5,0.176470588235294,85.1101135172451,5,4,3,0,1,1,21,22,2,3,0,1.0,3,0.0,157,5,13,0,1,0,0,1.0,0.2,1.0,1,4,7,0,0,0,0,0,0,0,0,0,0,0,0,net.datafaker.providers.sport.Formula1,0,dat,0,0
Disease,0.0262529854125112,0.634146341463414,147,4.5,172,2,562,698.956145853808,0,7,1,82,38,30,8,0,14,1,1,1,9,1.73333333333333,155.323587967512,9,4,52,0,1,1,25,26,2,3,0,1.0,52,1.0,148,9,17,0,1,0,0,1.0,0.111111111111111,1.0,1,8,11,0,1,0,0,0,0,0,0,0,0,0,0,net.datafaker.providers.base.Disease,0,dat,0,0
BreakingBad,0.0116855568482251,0.421052631578947,72,4.0,250,2,149,207.565897118237,0,2,2,19,15,11,2,0,14,1,2,1,3,0.727272727272727,51.8914742795594,3,4,8,0,1,1,19,20,2,3,0,1.0,8,0.0,221,3,11,0,1,0,0,1.0,0.333333333333333,1.0,1,2,5,0,0,0,0,0,0,0,1,0,0,0,0,net.datafaker.providers.entertainment.BreakingBad,0,dat,0,0
FakeValuesGrouping,0.190609713433243,0.0,0,32.3076923076923,4,1,564,13674.1211933252,0,2,3,36,79,36,3,0,11,3,2,1,15,0.0,423.246608364828,8,5,0,1,0,2,16,18,3,2,1,0.0,0,0.0,3,14,41,2,0,0,0,2.66666666666666,0.666666666666666,5.0,7,2,18,0,0,1,0,0,0,0,0,0,0,0,1,net.datafaker.service.FakeValuesGrouping,0,dat,0,1
CultureSeries,0.0205611484486425,0.178571428571428,147,4.0,172,2,562,484.454433855456,0,6,1,28,31,23,6,0,14,1,1,1,7,0.217391304347826,121.113608463864,7,3,5,0,1,1,23,24,2,2,0,1.0,5,0.0,148,7,15,0,1,0,0,1.0,0.142857142857142,1.0,1,6,9,0,1,0,0,0,0,0,1,0,0,0,0,net.datafaker.providers.base.CultureSeries,0,dat,0,0
Patterns,0.355363255075571,0.157407407407407,3,29.7931034482758,7,1,62,34808.9289914449,0,18,3,108,197,91,18,4,7,3,1,1,33,0.186813186813186,1168.35525549988,27,37,17,0,1,2,35,37,5,35,1,0.0,10,0.0,6,17,61,2,0,4,0,1.17391304347826,0.695652173913043,1.43478260869565,6,22,38,0,1,0,0,0,0,0,0,0,0,0,0,java.software.amazon.event.ruler.Patterns,0,ruler,0,0
CompositeByteTransition,0.141082894189997,0.205479452054794,7,27.9285714285714,16,3,18,8707.49878351243,0,6,1,73,68,58,8,0,19,2,1,1,18,0.258620689655172,311.777450049038,13,5,15,0,1,2,44,46,5,2,1,1.0,15,0.0909090909090909,8,2,24,2,0,2,0,1.18181818181818,0.454545454545454,1.63636363636363,4,10,13,0,0,0,0,0,0,0,0,1,0,0,0,java.software.amazon.event.ruler.CompositeByteTransition,0,ruler,0,0
ByteState,0.273820759240953,0.475177304964539,7,44.5454545454545,16,3,18,23544.0644294772,0,7,1,141,100,74,18,0,19,2,1,1,20,0.905405405405405,528.540221886224,21,8,67,7,0,2,53,55,6,6,1,0.0,63,0.5,8,14,39,2,0,2,0,1.05,0.65,1.0,1,13,36,0,0,0,0,0,0,0,0,1,0,0,0,java.software.amazon.event.ruler.ByteState,0,ruler,0,0
rulerRange,1.00506105359376,0.155038759689922,0,68.64,8,2,26,165565.768190728,0,4,4,129,368,109,8,0,9,4,1,1,57,0.18348623853211,2412.08869741737,22,14,20,0,3,7,34,41,5,9,1,0.166666666666666,18,0.0666666666666666,7,26,94,6,1,4,0,1.46666666666666,1.66666666666666,3.8,11,12,31,0,0,0,0,0,1,0,1,0,0,0,0,java.software.amazon.event.ruler.Range,0,ruler,0,0
InputByte,0.0834358291119114,0.088235294117647,0,15.7142857142857,0,1,10,3960.142019659,0,3,1,34,53,31,3,0,8,2,0,2,9,0.0967741935483871,252.009037614663,8,2,3,0,1,1,19,20,0,2,0,0.0,3,0.0,1,7,27,1,0,3,0,1.14285714285714,0.428571428571428,1.28571428571428,3,6,11,0,1,0,0,0,0,0,0,0,0,0,0,software.amazon.event.ruler.input.InputByte,1,ruler,1,1
InputWildcard,0.0255252164158027,0.136363636363636,0,7.33333333333333,0,1,0,670.094466282138,0,1,1,22,24,19,1,0,8,1,0,0,4,0.157894736842105,91.3765181293824,5,0,3,0,1,0,17,17,0,0,0,1.0,3,0.0,1,3,14,0,0,3,0,1.0,0.2,0.8,1,4,7,0,0,0,0,0,0,0,0,0,0,0,0,software.amazon.event.ruler.input.InputWildcard,1,ruler,1,1
rulerParseException,0.00423194754456555,0.375,0,2.5,0,4,1,45.2368437626202,0,0,1,8,7,5,0,0,26,1,0,1,1,0.6,18.094737505048,1,1,3,0,1,5,49,54,0,1,1,1.0,3,0.0,1,1,6,0,5,0,0,1.0,1.0,1.0,1,0,2,0,0,0,0,0,0,0,0,0,0,0,1,java.software.amazon.event.ruler.input.ParseException,1,ruler,1,0
ByteMatch,0.0791999024601447,0.19047619047619,7,14.1666666666666,16,3,18,3662.4259470516,0,11,1,63,55,52,9,0,17,2,1,1,14,0.211538461538461,258.52418449776,14,8,12,1,0,0,45,45,6,7,1,1.0,8,0.0833333333333333,8,7,26,0,0,3,0,1.16666666666666,0.333333333333333,1.16666666666666,3,11,17,0,0,0,0,0,0,0,0,0,0,0,0,java.software.amazon.event.ruler.ByteMatch,0,ruler,0,0
jfreechartStringUtils,1.67909543047222,0.35,1,96.1935483870967,3,1,17,357515.562887947,2,2,2,260,540,170,12,0,10,1,1,1,95,0.529411764705882,3716.62724665539,40,6,91,2,3,11,28,39,3,4,1,0.545454545454545,68,0.375,3,2,118,11,0,1,0,2.35294117647058,0.8125,5.58823529411764,2,11,22,0,0,0,0,0,0,0,0,1,0,0,0,java.software.amazon.event.ruler.IntIntMap,0,ruler,0,0
XYLineAnnotation,1.54823532309168,0.0304878048780487,0,104.275862068965,222,3,3,316546.371463796,0,2,12,164,438,160,9,0,20,10,6,2,83,0.025,3035.66295385254,28,18,5,3,2,11,55,66,15,3,5,0.0,0,0.0,54,59,122,7,4,4,0,1.86666666666666,1.4,5.53333333333333,27,10,48,0,0,0,0,0,0,0,0,0,0,0,1,org.jfree.chart.annotations.XYLineAnnotation,0,jfree,0,0
WindDataItem,0.156600019226054,0.0,0,18.525,0,1,12,10182.85591486,0,3,1,57,104,57,4,0,10,6,0,1,26,0.0,549.681830761673,14,2,0,0,1,3,19,22,0,2,2,0.0,0,0.0,1,6,39,3,0,1,0,2.33333333333333,0.833333333333333,4.33333333333333,12,5,9,0,0,0,0,0,0,0,0,1,0,0,0,org.jfree.data.xy.WindDataItem,0,jfree,0,1
StandardTickUnitSource,0.113191335937095,0.0,0,18.2083333333333,4,1,2,6257.51156054715,0,1,3,36,67,36,3,0,9,2,1,1,13,0.0,343.661962135312,7,5,0,0,1,1,21,22,3,2,2,0.0,0,0.0,3,10,35,1,0,2,0,1.16666666666666,0.666666666666666,2.16666666666666,4,5,13,0,0,0,0,0,1,0,0,0,0,0,0,org.jfree.chart.axis.StandardTickUnitSource,0,jfree,0,1
WaferMapDataset,0.593023915356721,0.00943396226415094,0,52.4166666666666,22,2,44,75039.5453156928,0,4,6,106,236,105,17,0,25,4,2,6,50,0.00952380952380952,1431.59704894803,29,13,1,6,2,10,53,63,2,11,4,0.0,0,0.0,7,23,67,7,3,0,0,1.52631578947368,1.21052631578947,2.63157894736842,11,11,31,0,0,0,0,0,0,0,0,1,0,0,0,org.jfree.data.general.WaferMapDataset,1,jfree,1,0
NumberAxis,7.41217742008401,0.0403361344537815,1,309.96,223,3,150,3315893.63685662,0,9,10,595,1342,574,33,4,139,17,6,14,340,0.0365853658536585,10697.8114494019,112,83,24,12,2,56,200,256,21,63,3,0.0,0,0.0,53,213,251,11,45,3,0,2.94736842105263,1.23684210526315,8.94736842105263,54,24,122,0,0,0,0,0,0,0,0,0,0,0,0,org.jfree.chart.axis.NumberAxis,0,jfree,0,0
SunJPEGEncoderAdapter,0.204025407890518,0.0208333333333333,0,31.0,2,1,1,15142.8724495787,0,3,2,48,87,47,6,0,11,2,2,1,21,0.0212765957446808,488.479756438023,8,3,1,3,1,1,25,26,2,1,1,0.0,0,0.0,2,15,49,1,0,0,0,1.14285714285714,0.714285714285714,3.0,13,3,23,0,0,1,0,0,0,0,0,0,0,0,1,org.jfree.chart.encoders.SunJPEGEncoderAdapter,1,jfree,1,1
DataPackageResources_ru,0.00995121450575077,0.0,0,3.5,0,3,1,163.115793782812,0,1,1,10,13,10,1,0,23,1,0,1,1,0.0,46.604512509375,1,1,0,0,0,8,31,39,0,1,0,0.0,0,0.0,1,0,12,1,7,0,0,1.0,0.0,1.0,1,1,1,0,1,0,0,0,0,0,0,0,0,0,0,org.jfree.data.resources.DataPackageResources_ru,1,jfree,1,1
PieSectionEntity,0.363852523660455,0.0224719101123595,0,34.5,20,2,79,36063.6740659777,0,5,6,89,180,87,8,0,18,8,3,2,37,0.0229885057471264,1045.32388597036,20,7,2,4,1,8,47,55,3,4,3,0.0,0,0.0,7,11,56,5,3,4,0,1.53846153846153,1.0,2.84615384615384,16,8,21,0,0,0,0,0,0,0,0,0,0,0,0,org.jfree.chart.entity.PieSectionEntity,1,jfree,1,0
ValueTick,0.137211698705583,0.534883720930232,0,20.2666666666666,4,2,348,8351.57900019655,0,2,3,86,81,40,2,3,18,5,2,2,17,1.15,412.084490141277,9,13,46,0,2,6,27,33,3,10,2,1.0,46,1.0,3,-1,34,2,4,1,0,1.8,2.4,3.4,10,3,8,0,0,0,0,0,0,0,0,0,0,0,0,org.jfree.chart.axis.ValueTick,1,jfree,1,0
Title,0.942167734933225,0.538681948424068,42,63.3061224489795,217,2,341,150270.670192586,0,3,9,349,363,162,15,5,38,8,4,11,74,1.15432098765432,2373.71464843221,38,52,188,11,3,18,82,100,10,43,4,1.0,185,1.0,51,-1,93,11,7,4,0,1.72727272727272,0.913043478260869,3.36363636363636,16,9,39,0,0,0,0,0,0,0,0,0,0,0,1,org.jfree.chart.title.Title,0,jfree,0,0
DefaultCategoryDataset,1.15665510924356,0.0137931034482758,0,113.666666666666,23,2,406,204403.205837218,0,1,6,145,275,143,21,2,19,10,4,12,63,0.0139860139860139,1798.2686730547,35,40,2,11,1,5,70,75,6,34,8,0.0,0,0.0,7,47,93,2,3,3,0,1.4,1.2,2.52,25,13,55,0,0,0,0,0,0,0,1,0,0,0,0,org.jfree.data.category.DefaultCategoryDataset,1,jfree,1,1
CategoryLabelWidthType,0.124941560053673,0.0,0,18.6153846153846,1,1,347,7256.75178828091,0,1,2,39,76,39,1,0,9,4,1,1,16,0.0,389.825509287817,9,8,0,0,1,4,16,20,1,7,1,0.0,0,0.0,2,5,35,4,0,2,0,2.25,0.5,4.0,8,3,6,0,0,0,0,0,0,0,0,0,0,0,1,org.jfree.chart.axis.CategoryLabelWidthType,0,jfree,0,0
CenterTextMode,0.0,0.545454545454545,0,0.0,0,-1,42,0.0,0,2,1,11,2,5,2,-1,20,-1,0,5,0,1.2,2.0,0,6,6,0,0,5,27,32,0,6,2,1.0,6,0.0,1,-1,2,3,2,0,0,-1.0,0.5,-1.0,-1,2,2,0,0,0,0,0,0,0,0,0,0,0,0,org.jfree.chart.plot.CenterTextMode,1,jfree,1,0
DefaultPolarPlotEditor,0.798345600230384,0.02,0,83.2291666666666,248,6,28,117210.977104467,0,2,13,100,229,98,5,0,623,3,4,1,52,0.0204081632653061,1408.29209036657,14,7,2,6,1,116,711,827,6,1,8,0.0,0,0.0,58,51,71,4,112,3,0,1.55555555555555,0.666666666666666,5.77777777777777,17,2,39,1,0,0,0,0,0,1,0,0,0,0,0,org.jfree.chart.editor.DefaultPolarPlotEditor,1,jfree,1,1
WaterfallBarRenderer,2.6528632495804,0.037037037037037,0,164.0,226,4,39,709993.180362647,0,2,11,243,592,235,10,0,261,14,10,8,140,0.0340425531914893,4329.22670952833,41,37,9,7,2,80,429,509,22,15,5,0.0,0,0.0,53,82,159,5,75,3,0,2.73333333333333,1.46666666666666,9.33333333333333,61,6,64,0,0,0,0,0,0,0,0,0,0,0,0,org.jfree.chart.renderer.category.WaterfallBarRenderer,1,jfree,1,1
ChartProgressEvent,0.0749748094505072,0.0,42,12.0,217,2,341,3373.29978069408,0,3,9,32,64,32,6,0,13,1,1,2,10,0.0,281.10831505784,7,4,0,3,1,6,22,28,1,4,1,0.0,0,0.0,51,1,21,5,1,0,0,1.0,1.0,1.42857142857142,4,3,8,0,0,0,0,0,0,0,0,0,0,0,0,org.jfree.chart.event.ChartProgressEvent,1,jfree,1,1
DefaultLogAxisEditor,0.462222111578871,0.0135135135135135,3,60.375,234,7,38,51636.6379768007,0,1,11,74,146,73,1,0,640,2,2,1,36,0.0136986301369863,855.265225288625,12,8,1,5,1,126,727,853,5,3,8,0.0,0,0.0,56,36,58,2,124,5,0,1.71428571428571,0.571428571428571,5.14285714285714,10,1,34,0,1,0,0,0,0,0,0,0,0,0,1,org.jfree.chart.editor.DefaultLogAxisEditor,0,jfree,0,0
DateRange,0.178255261429545,0.0,0,26.0,2,2,77,12366.46060345,0,2,3,39,92,39,4,0,21,1,1,4,14,0.0,475.633100132692,9,7,0,0,4,5,34,39,1,6,1,0.0,0,0.0,3,15,36,3,2,1,0,1.0,0.555555555555555,1.55555555555555,3,5,16,0,0,0,0,0,0,0,0,0,0,0,0,org.jfree.data.time.DateRange,1,jfree,1,1
WaferMapRenderer,1.64771203203973,0.0423280423280423,1,118.959183673469,220,2,41,347539.243672959,0,1,10,189,426,185,12,0,169,7,4,8,113,0.0216216216216216,2921.49990392434,45,22,8,4,3,54,189,243,7,16,2,0.0,0,0.0,53,83,116,7,47,0,0,3.0,0.933333333333333,7.53333333333333,26,8,45,0,0,0,0,0,0,0,0,1,0,0,0,org.jfree.chart.renderer.WaferMapRenderer,0,jfree,0,0
StandardCategorySeriesLabelGenerator,0.187400111892462,0.0,0,25.0,10,1,102,13330.199553633,0,1,6,50,94,50,2,0,8,4,4,2,21,0.0,533.20798214532,10,8,0,0,2,3,21,24,5,3,4,0.0,0,0.0,8,10,51,3,0,3,0,1.42857142857142,0.857142857142857,3.0,8,5,14,0,1,0,0,0,0,0,0,0,0,0,0,org.jfree.chart.labels.StandardCategorySeriesLabelGenerator,1,jfree,1,1
JFreeChartEntity,0.344309152013531,0.0845070422535211,42,44.0749999999999,217,2,341,33197.4505154417,0,2,9,71,127,66,3,0,16,5,3,2,29,0.0757575757575757,753.203641870486,15,5,6,2,3,5,45,50,4,2,3,0.0,0,0.0,51,20,61,2,3,5,0,1.36363636363636,1.18181818181818,2.63636363636363,10,6,28,0,0,0,0,0,0,0,0,0,0,0,0,org.jfree.chart.entity.JFreeChartEntity,0,jfree,0,1
DefaultHeatMapDataset,0.689531839847846,0.0075187969924812,0,49.05,21,2,1,94083.4792720632,0,3,6,133,307,132,12,0,21,10,3,1,62,0.00757575757575757,1918.11374662718,32,5,1,2,1,10,60,70,4,1,6,0.0,0,0.0,7,14,76,7,3,2,0,2.13333333333333,1.33333333333333,4.13333333333333,23,12,22,0,0,0,0,0,1,0,0,0,0,0,0,org.jfree.data.general.DefaultHeatMapDataset,1,jfree,1,1
DefaultFlowDataset,1.54911576536603,0.0,0,121.189189189189,13,2,2,316816.427722534,0,3,5,159,397,159,13,0,19,10,3,2,88,0.0,2614.23011278629,40,9,0,3,1,7,60,67,7,2,6,0.0,0,0.0,7,77,96,4,3,3,1,2.35294117647058,1.29411764705882,5.17647058823529,19,13,51,0,0,0,0,0,0,0,1,1,0,0,0,org.jfree.data.flow.DefaultFlowDataset,1,jfree,1,1
IntervalMarker,0.537886979811735,0.0217391304347826,42,49.7586206896551,217,2,341,64821.4034587512,0,4,9,92,214,91,6,0,38,7,3,4,37,0.0109890109890109,1302.71704802757,19,13,2,3,3,18,64,82,4,9,2,0.0,0,0.0,51,21,68,4,14,4,0,1.46153846153846,1.3076923076923,2.84615384615384,14,7,24,0,0,0,0,0,0,0,0,0,0,0,0,org.jfree.chart.plot.IntervalMarker,0,jfree,0,1
RendererUtils,1.60916487642402,0.113095238095238,0,143.863636363636,8,1,343,335415.168569903,0,1,6,168,409,149,3,0,11,15,3,2,97,0.127516778523489,2331.4798447197,32,5,19,0,0,0,15,15,3,2,0,1.0,0,0.0,8,29,52,0,0,0,0,10.6666666666666,4.0,32.3333333333333,47,3,10,0,0,0,0,0,0,0,0,0,0,0,0,org.jfree.chart.renderer.RendererUtils,0,jfree,0,0
PieDatasetHandler,0.14313652617001,0.0,5,24.5,33,3,11,8898.31122654831,0,2,6,39,72,39,2,0,31,4,2,1,15,0.0,363.196376593808,9,8,0,3,1,2,58,60,5,4,5,0.0,0,0.0,13,10,33,1,1,2,0,1.8,1.8,3.0,9,1,15,0,0,0,0,0,0,0,0,0,0,0,1,org.jfree.data.xml.PieDatasetHandler,0,jfree,0,1
StrokeSample,0.336047254438747,0.0793650793650793,0,37.3333333333333,0,4,42,32009.7593646398,0,2,1,63,144,58,3,0,606,2,0,2,31,0.0862068965517241,857.40426869571,8,5,5,2,1,101,677,778,0,5,5,0.0,0,0.0,1,19,62,2,99,2,0,1.33333333333333,1.33333333333333,5.16666666666666,20,3,22,0,0,0,0,0,0,1,0,0,0,0,0,org.jfree.chart.ui.StrokeSample,1,jfree,1,1
AbstractXYAnnotation,0.281512022645509,0.544871794871794,0,32.4523809523809,220,2,69,24542.980528877,0,5,11,156,134,72,5,10,17,6,5,4,31,1.16666666666666,756.276729429813,16,30,85,4,1,4,39,43,8,22,4,1.0,82,1.0,53,-1,50,2,2,3,0,1.77777777777777,1.6,3.44444444444444,12,5,19,0,1,0,0,0,0,0,0,0,0,0,0,org.jfree.chart.annotations.AbstractXYAnnotation,0,jfree,0,0
PeriodAxis,9.57076676651915,0.0292758089368258,0,363.775641025641,235,3,57,4865214.37655032,0,1,10,649,1616,631,32,0,131,19,7,9,354,0.028526148969889,13374.2170389231,115,50,19,20,3,60,208,268,22,28,3,0.0,0,0.0,52,270,310,15,45,11,0,2.5,1.5,7.69565217391304,80,23,156,1,0,0,0,0,0,0,0,0,0,0,0,org.jfree.chart.axis.PeriodAxis,0,jfree,0,0
FlowKey,0.260865290395881,0.0,0,28.0,2,1,10,21893.0530028269,0,3,2,61,140,61,3,0,7,7,1,4,29,0.0,781.894750100961,14,10,0,0,1,4,21,25,2,8,3,0.0,0,0.0,2,9,48,4,0,4,1,1.75,0.5,3.625,14,7,13,0,0,0,0,0,0,0,0,0,0,0,0,org.jfree.data.flow.FlowKey,1,jfree,1,1
TextBlockAnchor,0.211943585827941,0.0,0,17.5185185185185,0,1,370,16032.9079359792,0,1,1,81,163,81,1,0,8,10,0,5,30,0.0,915.197704590778,17,14,0,0,1,11,17,28,0,14,1,0.0,0,0.0,1,11,49,11,0,3,0,3.4,0.4,6.0,19,4,7,0,0,0,0,0,0,0,0,0,0,0,1,org.jfree.chart.text.TextBlockAnchor,0,jfree,0,0
AbstractSeriesDataset,0.0836385203716872,0.596774193548387,0,18.0,10,2,452,3974.5813824429,0,2,5,62,45,25,2,3,25,3,1,7,9,1.48,220.810076802383,5,14,37,1,1,4,43,47,4,10,7,1.0,37,1.0,7,-1,30,1,3,0,0,1.66666666666666,0.6,3.0,7,3,8,0,0,0,0,0,0,0,0,0,0,0,0,org.jfree.data.general.AbstractSeriesDataset,1,jfree,1,0
Series,0.977647377318029,0.588888888888888,0,75.0833333333333,4,1,443,158838.304066682,0,4,3,360,322,148,20,6,8,6,2,10,68,1.43243243243243,2115.49350588256,34,42,212,15,2,7,38,45,4,38,2,1.0,206,1.0,3,-1,95,7,0,3,0,1.36,0.884615384615384,2.72,12,9,48,0,0,1,0,0,0,0,0,0,1,0,0,org.jfree.data.general.Series,0,jfree,0,0
YIntervalDataItem,0.0937253269533697,0.0,0,18.2857142857142,3,2,24,4714.84400448456,0,2,3,35,57,35,4,0,18,2,2,7,14,0.0,257.843031495249,8,13,0,0,1,2,26,28,2,11,3,1.0,0,0.0,3,8,23,0,2,0,0,1.6,0.8,2.8,4,4,12,0,0,0,0,0,0,0,0,0,0,0,1,org.jfree.data.xy.YIntervalDataItem,1,jfree,1,1
PaintScaleLegend,6.29877045399502,0.0101522842639593,0,295.698924731182,219,3,43,2597559.80032355,0,2,10,394,1146,392,26,0,53,15,10,5,224,0.00510204081632653,8784.47496109421,75,35,4,14,1,24,115,139,24,11,7,0.0,0,0.0,52,166,203,11,13,4,0,2.41935483870967,0.870967741935483,7.2258064516129,83,16,105,0,0,0,0,0,0,0,0,1,0,0,0,org.jfree.chart.title.PaintScaleLegend,0,jfree,0,0
VectorDataItem,0.0831162243623226,0.0,0,14.875,4,2,26,3937.40956690524,0,4,3,34,57,34,5,0,18,2,2,5,14,0.0,264.699802817159,8,12,0,0,1,2,27,29,3,9,3,1.0,0,0.0,3,10,25,0,2,0,0,1.33333333333333,0.666666666666666,2.33333333333333,4,5,15,0,0,0,0,0,0,0,0,1,0,0,0,org.jfree.data.xy.VectorDataItem,0,jfree,0,1
TextLine,0.806525722958129,0.0,3,68.0897435897435,21,1,364,119017.059673392,0,1,2,111,272,111,7,0,9,4,2,2,62,0.0,1747.94401327897,27,8,0,3,4,2,25,27,3,5,1,0.0,0,0.0,5,36,86,2,0,2,0,2.07692307692307,1.46153846153846,4.76923076923076,14,6,36,0,1,0,0,0,0,0,0,0,0,0,0,org.jfree.chart.text.TextLine,0,jfree,0,1
GradientBarPainter,2.48902328300621,0.0287081339712918,2,148.728813559322,225,1,69,645245.999752493,0,1,2,209,641,204,5,0,9,9,4,2,126,0.0245098039215686,4338.406152182,31,11,6,2,2,3,23,26,5,7,2,0.0,0,0.0,4,96,109,3,0,2,0,3.44444444444444,3.33333333333333,14.0,48,5,34,0,0,0,0,0,0,0,0,0,0,0,0,org.jfree.chart.renderer.category.GradientBarPainter,0,jfree,0,0
XYCoordinateType,0.113341887089881,0.0,0,16.076923076923,0,1,3,6270.0,0,1,1,42,78,42,1,0,9,4,0,2,17,0.0,390.0,10,2,0,0,1,4,16,20,0,2,1,0.0,0,0.0,1,5,32,4,0,2,0,2.5,0.5,4.25,8,3,5,0,0,0,0,0,0,0,0,0,0,0,0,org.jfree.chart.util.XYCoordinateType,0,jfree,0,1
ChartEntity,1.20670759017969,0.0449438202247191,0,86.0480769230769,12,1,406,217813.57778258,0,2,5,178,374,170,14,12,7,7,3,6,86,0.0470588235294117,2531.30093746657,39,40,8,5,3,4,34,38,6,34,3,0.0,0,0.0,5,54,109,4,0,4,0,1.85714285714285,0.809523809523809,4.09523809523809,17,13,45,0,0,0,0,0,0,0,0,1,0,0,1,org.jfree.chart.entity.ChartEntity,0,jfree,0,1
IntervalCategoryToolTipGenerator,0.326024517093482,0.0178571428571428,0,40.6521739130434,32,3,30,30588.4360460208,0,1,8,56,129,55,0,0,22,6,3,4,27,0.0181818181818181,752.442811827251,12,11,1,0,3,7,40,47,6,5,4,0.0,0,0.0,9,28,57,2,5,2,0,2.4,1.6,5.4,19,2,18,0,0,0,0,0,0,0,0,0,0,0,0,org.jfree.chart.labels.IntervalCategoryToolTipGenerator,0,jfree,0,1
BubbleXYItemLabelGenerator,0.699924967221355,0.0,0,69.6969696969697,20,2,3,96218.6170562668,0,1,7,103,219,103,4,0,17,6,5,3,50,0.0,1380.52798385078,19,11,0,0,3,10,40,50,8,3,4,0.0,0,0.0,9,34,79,4,6,3,0,1.9,1.8,5.0,17,7,31,0,1,0,0,0,0,0,0,0,0,0,0,org.jfree.chart.labels.BubbleXYItemLabelGenerator,0,jfree,0,1
AreaRendererEndType,0.137776477652813,0.0,0,18.9,0,1,33,8403.19609734433,0,1,1,44,86,44,1,0,9,4,0,2,18,0.0,444.613550124038,10,4,0,0,1,5,16,21,0,4,1,0.0,0,0.0,1,5,36,5,0,2,0,2.5,0.5,4.5,8,3,5,0,0,0,0,0,0,0,0,0,0,0,1,org.jfree.chart.renderer.AreaRendererEndType,0,jfree,0,1
HistogramDataset,1.68790033252544,0.0490196078431372,0,111.115384615384,19,5,14,360331.376043782,0,1,8,204,482,195,18,0,30,8,4,9,116,0.0461538461538461,3242.85765909946,42,22,10,3,1,6,86,92,8,14,10,0.0,0,0.0,10,52,106,3,3,2,0,2.0,1.38095238095238,5.52380952380952,38,17,41,0,0,0,0,0,0,0,1,1,0,0,1,org.jfree.data.statistics.HistogramDataset,1,jfree,1,0
JDBCXYDataset,1.78887225160247,0.0428015564202334,0,112.966101694915,17,4,7,393143.295061811,0,1,7,257,503,247,14,0,30,29,3,4,153,0.0404858299595141,3480.18820834912,47,14,11,4,4,9,74,83,7,7,10,0.0,4,0.0,9,43,121,6,3,0,0,2.61111111111111,1.11111111111111,8.5,126,10,43,2,0,0,0,1,0,0,0,0,0,0,0,org.jfree.data.jdbc.JDBCXYDataset,0,jfree,0,0
FlowPlot,6.44220085934347,0.0367816091954023,0,253.2,226,2,0,2686787.22219748,0,2,10,435,1339,419,30,0,70,33,9,0,275,0.0381861575178997,10611.3239423281,88,21,16,14,1,33,122,155,21,0,9,0.0,0,0.0,52,197,243,14,19,3,0,2.58823529411764,0.705882352941176,8.08823529411764,148,19,120,0,0,0,0,0,0,0,1,0,0,0,0,org.jfree.chart.plot.flow.FlowPlot,1,jfree,1,1
XYInversePointerAnnotation,1.45376298891963,0.0236220472440944,0,104.696428571428,224,5,4,288019.766615446,0,1,14,127,387,124,2,0,64,7,6,1,75,0.0241935483870967,2750.99896477315,17,18,3,2,1,27,103,130,14,4,5,0.0,0,0.0,56,99,138,3,24,4,0,2.42857142857142,1.85714285714285,10.7142857142857,53,4,62,0,1,0,0,0,0,0,0,0,0,0,0,org.jfree.chart.annotations.XYInversePointerAnnotation,0,jfree,0,0
StandardDialScale,3.13405159369406,0.0460048426150121,0,117.982905982905,229,2,3,911677.201817712,0,2,11,413,1026,394,44,0,14,20,4,1,213,0.0482233502538071,7727.19737848973,81,13,19,22,2,22,81,103,10,3,5,0.0,0,0.0,61,84,185,20,2,3,0,1.65306122448979,0.693877551020408,4.3469387755102,45,25,82,0,0,0,0,0,0,0,0,0,0,0,0,org.jfree.chart.plot.dial.StandardDialScale,0,jfree,0,0
HMSNumberFormat,0.0917605874547823,0.0714285714285714,0,14.4642857142857,0,3,1,4567.36963202619,0,2,1,28,65,27,3,0,44,1,0,1,11,0.037037037037037,315.768764683292,4,1,2,0,1,12,58,70,0,1,2,0.0,0,0.0,1,9,29,1,11,0,0,1.0,2.0,2.75,9,3,8,0,0,0,0,0,0,0,0,0,0,0,1,org.jfree.chart.util.HMSNumberFormat,1,jfree,1,1
StandardEntityCollection,0.378530471193899,0.0,0,46.8,14,1,388,38267.7695647086,0,1,7,70,139,70,8,0,9,3,2,12,31,0.0,817.687383861296,16,63,0,3,1,2,32,34,4,59,4,0.0,0,0.0,7,20,59,2,0,2,0,1.45454545454545,0.545454545454545,2.81818181818181,8,7,27,0,0,0,0,0,0,0,0,1,0,0,0,org.jfree.chart.entity.StandardEntityCollection,0,jfree,0,1
DefaultTableXYDataset,3.86815868716927,0.0271186440677966,0,261.688888888888,66,5,17,1250081.43487597,0,2,8,295,673,287,30,0,27,7,4,9,163,0.0278745644599303,4776.97559183243,71,30,8,12,2,8,105,113,13,17,12,0.0,0,0.0,12,111,137,5,3,4,0,1.97222222222222,0.833333333333333,4.52777777777777,24,22,91,0,0,0,0,0,0,0,1,1,0,0,0,org.jfree.data.xy.DefaultTableXYDataset,0,jfree,0,0
PaintList,0.450953799987932,0.0,0,65.1428571428571,4,2,545,49759.9526481847,0,2,3,61,134,61,4,0,15,6,1,4,37,0.0,763.858922230906,16,8,0,3,1,4,32,36,3,5,2,0.0,0,0.0,3,20,52,1,3,2,0,2.28571428571428,0.857142857142857,5.28571428571428,14,3,19,0,0,0,0,0,0,0,0,1,0,0,1,org.jfree.chart.util.PaintList,1,jfree,1,1
KeyedObject,0.139224681419485,0.0,0,20.7142857142857,1,1,53,8536.03586721217,0,2,2,44,81,44,3,0,9,5,1,1,20,0.0,412.084490141277,11,3,0,1,1,3,19,22,1,2,3,0.0,0,0.0,2,4,34,3,0,2,0,1.83333333333333,0.666666666666666,3.33333333333333,10,4,9,0,0,0,0,0,0,0,0,0,0,0,1,org.jfree.data.KeyedObject,0,jfree,0,1
PieLabelLinkStyle,0.142389890453485,0.0,0,20.25,0,1,79,8828.77839291652,0,1,1,47,85,47,1,0,8,4,0,2,19,0.0,435.989056440322,11,4,0,0,1,4,17,21,0,4,1,0.0,0,0.0,1,6,35,4,0,3,0,2.2,0.4,3.8,8,4,7,0,0,0,0,0,0,0,0,0,0,0,1,org.jfree.chart.plot.PieLabelLinkStyle,0,jfree,0,1
MeanAndStandardDeviation,0.18653631739622,0.0,0,23.5294117647058,0,1,28,13238.1403173629,0,1,1,53,108,53,4,0,9,5,0,1,24,0.0,562.620963487926,14,2,0,0,2,3,20,23,0,2,1,0.0,0,0.0,1,7,37,3,0,2,0,1.75,0.625,3.0,10,6,11,0,0,0,0,0,1,0,0,0,0,0,0,org.jfree.data.statistics.MeanAndStandardDeviation,1,jfree,1,1
CombinedDomainXYPlot,5.03320446978096,0.0694087403598971,0,293.487804878048,224,3,74,1855447.8077173,0,3,11,389,821,367,9,0,272,11,10,7,217,0.0599455040871934,6322.06100859383,85,66,27,18,2,79,369,448,22,44,14,0.0,0,0.0,54,134,208,4,75,19,0,2.83333333333333,1.4,7.23333333333333,45,10,122,1,0,0,0,0,0,0,0,1,0,0,1,org.jfree.chart.plot.CombinedDomainXYPlot,0,jfree,0,0
XYSeries,5.6796643218316,0.046189376443418,0,303.387096774193,9,2,382,2224159.28013039,0,1,4,433,1005,413,39,0,26,10,3,6,236,0.0484261501210653,7331.09385263608,100,19,20,16,3,15,83,98,5,14,2,0.0,0,0.0,4,154,157,9,6,3,0,2.22222222222222,1.15555555555555,5.24444444444444,30,26,83,0,0,0,0,0,0,0,1,0,0,0,0,org.jfree.data.xy.XYSeries,0,jfree,0,0
DatasetChangeEvent,0.014156043991747,0.0,2,5.33333333333333,4,2,592,276.754529490983,0,1,3,10,15,10,1,0,13,1,1,9,3,0.0,51.8914742795594,2,39,0,0,1,2,17,19,1,38,1,0.0,0,0.0,5,1,11,1,1,0,0,1.0,1.0,1.5,2,1,3,0,0,0,0,0,0,0,0,0,0,0,0,org.jfree.data.general.DatasetChangeEvent,0,jfree,0,1
AxisCollection,0.1073002127092,0.0,42,15.1666666666666,217,1,341,5775.4091480165,0,1,9,40,82,40,5,0,11,5,3,1,18,0.0,380.796207561527,10,5,0,1,1,4,18,22,3,2,0,0.0,0,0.0,51,6,25,4,0,0,0,1.66666666666666,0.333333333333333,3.0,10,4,9,0,0,0,0,0,0,0,1,0,0,0,0,org.jfree.chart.axis.AxisCollection,1,jfree,1,1
NumberTickUnitSource,0.872639997516363,0.0129870129870129,0,62.7916666666666,4,1,153,133947.482198474,0,1,3,154,327,152,8,0,10,7,1,1,84,0.0131578947368421,2133.20475963064,39,8,2,0,3,10,27,37,3,5,2,0.0,0,0.0,3,22,92,10,0,1,0,3.25,0.583333333333333,7.0,14,9,24,0,0,0,0,0,1,0,0,0,0,0,0,org.jfree.chart.axis.NumberTickUnitSource,0,jfree,0,1
CustomXYToolTipGenerator,0.441551311506449,0.0,0,55.9166666666666,10,1,2,48211.833789863,0,1,7,71,152,71,5,0,9,6,3,1,38,0.0,862.208651979667,18,5,0,1,1,2,22,24,3,2,4,0.0,0,0.0,9,16,51,2,0,2,0,2.25,1.0,4.75,18,6,16,0,1,0,0,0,0,0,0,0,0,0,0,org.jfree.chart.labels.CustomXYToolTipGenerator,1,jfree,1,1
TickUnit,0.238872065164028,0.515625,0,27.3333333333333,0,1,354,19183.5919673936,0,3,1,128,125,62,4,2,9,5,0,6,26,1.06451612903225,701.838730514401,16,24,66,0,2,3,21,24,0,24,2,1.0,66,1.0,1,-1,49,3,0,2,0,2.0,0.75,3.25,10,6,10,0,0,0,0,0,0,0,0,1,0,0,1,org.jfree.chart.axis.TickUnit,0,jfree,0,0
ComparableObjectSeries,1.80254998513095,0.0338164251207729,0,130.975609756097,10,2,51,397660.868830341,0,1,4,207,456,200,16,5,26,10,3,3,104,0.035,3036.14443613481,50,22,7,8,2,10,59,69,5,17,2,0.0,0,0.0,4,58,101,4,6,3,0,2.38095238095238,1.09523809523809,4.95238095238095,22,11,45,0,0,0,0,0,0,0,1,1,0,0,1,org.jfree.data.ComparableObjectSeries,0,jfree,0,0
FlowDatasetUtils,0.634526768157078,0.0549450549450549,0,57.3999999999999,9,1,2,83053.2829527196,0,4,5,91,247,90,6,0,11,5,2,2,61,0.0111111111111111,1446.92130579651,26,6,5,0,1,0,19,19,4,2,0,1.0,0,0.0,7,36,58,0,0,0,0,3.71428571428571,1.57142857142857,8.71428571428571,12,6,19,0,0,0,0,0,1,0,0,1,0,0,0,org.jfree.data.flow.FlowDatasetUtils,0,jfree,0,0
LegendItemBlockContainer,0.170873933741418,0.0175438596491228,0,23.2941176470588,42,3,343,11606.3485427102,0,2,10,57,93,56,7,0,58,3,3,1,25,0.0178571428571428,498.252336429481,11,11,1,2,1,15,85,100,9,2,5,0.0,0,0.0,12,12,41,6,9,1,0,1.22222222222222,0.888888888888888,2.77777777777777,15,6,22,0,0,0,0,0,0,0,1,0,0,0,0,org.jfree.chart.title.LegendItemBlockContainer,0,jfree,0,1
KeyedValueComparator,0.302756742280107,0.0,0,30.7999999999999,5,1,450,27373.0138610673,0,1,3,81,160,81,3,0,18,15,2,1,43,0.0,888.734216268422,18,7,0,0,1,2,25,27,5,2,2,0.0,0,0.0,3,16,47,2,0,0,0,4.5,1.0,10.75,37,3,11,0,0,0,0,0,0,0,0,0,0,0,1,org.jfree.data.KeyedValueComparator,1,jfree,1,1
PaintUtils,1.06699268943615,0.0784313725490196,0,105.155172413793,1,1,554,181102.334172978,0,3,2,102,268,94,3,0,11,7,0,14,49,0.0851063829787234,1722.23895426016,16,74,8,0,1,0,16,16,1,73,0,1.0,0,0.0,2,77,86,0,0,0,0,4.0,1.0,12.25,22,3,41,0,0,0,0,0,0,0,0,0,0,0,0,org.jfree.chart.util.PaintUtils,0,jfree,0,1
TimeSeriesTableModel,0.457967430860808,0.016,0,45.5714285714285,26,2,5,50925.3206655073,0,6,6,125,198,123,4,0,23,6,2,5,44,0.016260162601626,1117.48352557539,26,10,2,2,3,5,50,55,5,5,4,0.0,0,0.0,15,15,50,4,1,4,0,2.36363636363636,1.18181818181818,4.0,11,6,21,0,0,0,0,0,0,0,0,0,0,0,0,org.jfree.data.time.TimeSeriesTableModel,0,jfree,0,0
LineAndShapeRenderer,4.30613374091794,0.0345744680851063,0,224.431818181818,223,3,44,1468294.43664396,0,2,11,376,866,364,29,2,219,24,10,5,189,0.0329670329670329,6542.27394555283,80,27,13,15,2,71,405,476,18,9,5,0.0,0,0.0,53,126,188,12,59,4,0,2.28571428571428,1.25714285714285,5.4,64,18,100,0,0,0,0,0,0,0,0,0,0,0,0,org.jfree.chart.renderer.category.LineAndShapeRenderer,0,jfree,0,0
DatasetGroup,0.141213937592974,0.0,0,23.076923076923,1,1,594,8719.63340695241,0,1,2,39,72,39,1,0,8,4,1,9,17,0.0,377.850780967938,9,14,0,0,2,2,18,20,1,13,2,0.0,0,0.0,2,5,38,2,0,3,0,1.5,0.333333333333333,2.83333333333333,8,4,11,0,1,0,0,0,0,0,0,0,0,0,0,org.jfree.data.general.DatasetGroup,1,jfree,1,1
CategoryStepRenderer,1.8010642354437,0.0822784810126582,0,131.774193548387,224,3,10,397169.312907034,1,3,11,158,424,149,4,0,222,10,10,4,84,0.0604026845637583,3014.01436967394,28,27,13,3,2,62,379,441,17,10,5,0.0,0,0.0,53,69,138,3,59,3,0,3.11111111111111,2.55555555555555,9.33333333333333,37,4,56,0,0,0,0,0,0,0,0,0,0,0,0,org.jfree.chart.renderer.category.CategoryStepRenderer,0,jfree,0,0
StandardXYSeriesLabelGenerator,0.181096415160811,0.0,0,25.0526315789473,18,1,343,12663.2931946983,0,1,7,51,91,51,2,0,8,4,5,2,21,0.0,505.467585502665,10,10,0,0,2,3,21,24,6,4,4,0.0,0,0.0,9,10,47,3,0,3,0,1.42857142857142,0.857142857142857,3.0,8,5,14,0,1,0,0,0,0,0,0,0,0,0,0,org.jfree.chart.labels.StandardXYSeriesLabelGenerator,1,jfree,1,1
KeyedValueComparatorType,0.0826819027533202,0.0,0,15.1111111111111,0,1,452,3906.58767685504,0,0,1,32,55,32,0,0,8,4,0,1,11,0.0,258.52418449776,7,4,0,0,1,3,16,19,0,4,1,0.0,0,0.0,1,2,26,3,0,3,0,1.75,0.5,2.75,8,3,6,0,0,0,0,0,0,0,0,0,0,0,0,org.jfree.data.KeyedValueComparatorType,0,jfree,0,1
LogAxis,7.08018368468922,0.0443262411347517,0,279.713286713286,220,3,70,3095627.31073656,0,1,10,564,1364,542,31,0,137,8,5,11,332,0.040590405904059,11067.144314491,97,61,25,17,2,52,202,254,18,43,3,0.0,0,0.0,52,252,277,7,45,7,0,2.425,1.5,8.3,30,21,129,0,0,0,0,0,1,0,0,0,0,0,0,org.jfree.chart.axis.LogAxis,0,jfree,0,0
StrokeMap,0.601597938643419,0.0259740259740259,0,76.8,2,1,79,76672.8119781163,0,1,2,77,164,75,6,0,9,6,1,2,45,0.0266666666666666,998.343905965055,16,4,2,4,1,2,21,23,2,2,2,0.0,0,0.0,2,32,68,2,0,2,0,1.77777777777777,0.777777777777777,5.0,16,4,31,1,0,0,0,0,0,0,0,1,0,0,1,org.jfree.chart.StrokeMap,1,jfree,1,1
SymbolicXYItemLabelGenerator,0.30138277670604,0.0166666666666666,0,36.8333333333333,46,1,1,27186.889798387,0,2,9,60,126,60,3,0,8,4,4,1,27,0.0,738.105605386074,12,10,1,0,0,1,21,22,9,1,5,0.0,0,0.0,16,15,58,1,0,3,0,2.0,1.5,4.5,13,6,17,1,0,0,0,0,0,0,0,0,0,0,0,org.jfree.chart.labels.SymbolicXYItemLabelGenerator,1,jfree,1,1
RendererChangeEvent,0.0353049592086217,0.0,42,9.0,217,3,341,1090.02247617477,0,2,9,19,31,19,2,0,17,1,1,4,6,0.0,121.113608463864,4,11,0,0,2,5,26,31,1,10,1,0.0,0,0.0,51,2,15,2,3,0,0,1.0,0.75,1.5,3,2,5,0,0,0,0,0,0,0,0,0,0,0,1,org.jfree.chart.event.RendererChangeEvent,1,jfree,1,1
SlidingCategoryDataset,0.829937731672283,0.0075187969924812,0,67.1999999999999,12,2,19,124236.768438088,0,1,5,133,290,133,16,0,21,6,4,7,60,0.0,1848.7614350906,32,25,1,2,1,6,63,69,6,19,7,0.0,0,0.0,7,25,83,3,3,2,0,1.68421052631578,0.736842105263157,3.1578947368421,12,16,38,0,0,0,0,0,0,0,0,1,1,0,1,org.jfree.data.category.SlidingCategoryDataset,0,jfree,0,1
ItemLabelPosition,0.433555570799717,0.0,0,37.6363636363636,4,1,343,46908.2291898896,0,5,2,90,211,90,5,0,9,8,3,5,41,0.0,1246.35391567339,19,19,0,0,5,6,24,30,4,15,1,0.0,0,0.0,2,20,60,6,0,2,0,1.58333333333333,1.25,3.41666666666666,16,7,16,0,0,0,0,0,0,0,0,0,0,0,0,org.jfree.chart.labels.ItemLabelPosition,0,jfree,0,1
G2TextMeasurer,0.031986737347002,0.0,0,7.5,22,1,343,940.019360638001,0,1,3,14,29,14,1,0,11,1,1,4,5,0.0,125.335914751733,2,7,0,0,1,1,15,16,2,5,1,0.0,0,0.0,6,4,20,1,0,0,0,1.0,2.0,2.5,4,1,6,0,0,0,0,0,0,0,0,0,0,0,0,org.jfree.chart.text.G2TextMeasurer,1,jfree,1,1
SimpleHistogramBin,0.614193309631011,0.00854700854700854,0,51.5,1,1,15,79093.265075198,0,2,2,117,260,116,7,0,9,7,1,6,59,0.00862068965517241,1535.79155485821,32,10,1,1,2,6,25,31,1,9,4,0.0,0,0.0,2,3,60,6,0,2,0,2.9090909090909,1.0,5.36363636363636,14,8,14,0,0,0,0,0,0,0,0,1,0,0,0,org.jfree.data.statistics.SimpleHistogramBin,0,jfree,0,1
LogTick,0.0181519191907356,0.0,0,5.14285714285714,5,3,342,401.851604119733,0,1,4,11,20,11,1,0,23,1,2,1,3,0.0,78.1378119121703,2,6,0,0,1,7,29,36,3,3,2,0.0,0,0.0,4,1,15,1,6,0,0,1.0,2.0,1.5,2,1,3,0,0,0,0,0,0,0,0,0,0,0,0,org.jfree.chart.axis.LogTick,1,jfree,1,1
AnnotationChangeEvent,0.0221736691891578,0.0,42,7.5,217,3,341,542.548076393208,0,1,9,11,19,11,1,0,17,1,3,6,4,0.0,72.3397435190944,2,15,0,0,1,4,24,28,3,12,1,0.0,0,0.0,51,2,14,1,3,0,0,1.0,1.0,2.0,3,1,4,0,0,0,0,0,0,0,0,0,0,0,1,org.jfree.chart.event.AnnotationChangeEvent,1,jfree,1,1
ResourceBundleWrapper,0.166666154750855,0.204081632653061,0,28.6153846153846,1,1,359,11180.2883770036,0,2,2,49,75,39,4,0,11,3,0,6,16,0.256410256410256,390.709002422171,9,19,10,1,1,1,17,18,1,18,0,0.0,0,0.0,2,11,37,1,0,0,0,1.8,1.6,3.2,9,3,15,0,0,1,0,0,0,0,0,0,1,0,0,org.jfree.chart.util.ResourceBundleWrapper,0,jfree,0,0
TaskSeriesCollection,3.75346879380132,0.023391812865497,0,254.285714285714,23,3,46,1194898.72120919,0,2,7,342,678,335,35,0,19,6,4,12,183,0.0208955223880597,4699.03991486763,72,57,8,8,1,6,109,115,11,46,13,0.0,0,0.0,9,129,122,3,3,5,0,1.7560975609756,1.29268292682926,4.46341463414634,12,32,78,0,0,0,0,0,0,0,0,1,0,0,1,org.jfree.data.gantt.TaskSeriesCollection,1,jfree,1,0
DefaultXYZDataset,1.18140000182043,0.0125786163522012,0,75.2727272727272,17,5,13,210997.511304498,0,2,8,159,421,159,8,0,20,8,4,6,88,0.0,2803.1070342385,33,20,2,2,1,5,73,78,7,13,10,0.0,0,0.0,10,39,101,2,3,8,0,1.94117647058823,1.11764705882352,5.17647058823529,25,14,34,0,0,0,0,0,0,0,1,1,0,0,1,org.jfree.data.xy.DefaultXYZDataset,1,jfree,1,0
DefaultKeyedValues,2.08443711737441,0.00520833333333333,0,153.756097560975,12,1,448,494498.614465192,0,1,4,192,479,192,18,0,8,9,2,6,114,0.0,3216.12360296207,43,19,1,12,1,4,41,45,10,9,5,0.0,0,0.0,4,70,105,4,0,3,1,1.95454545454545,1.04545454545454,5.18181818181818,23,9,52,0,0,0,0,0,0,0,0,1,0,0,0,org.jfree.data.DefaultKeyedValues,1,jfree,1,1
TimePeriodAnchor,0.133912240852843,0.0,0,17.5,0,1,202,8052.1581897464,0,1,1,47,89,47,1,0,8,4,0,5,18,0.0,460.123325128365,11,16,0,0,1,5,17,22,0,16,1,0.0,0,0.0,1,5,36,5,0,3,0,2.2,0.4,3.6,8,4,7,0,1,0,0,0,0,0,0,0,0,0,1,org.jfree.data.time.TimePeriodAnchor,0,jfree,0,1
XYSeriesCollection,3.61820956041463,0.0277008310249307,2,213.131578947368,65,5,380,1130895.45151443,0,1,7,361,738,352,33,0,27,6,5,9,198,0.0255681818181818,5306.09052445345,83,34,10,10,2,6,111,117,15,19,13,0.0,0,0.0,11,124,146,3,3,4,0,2.12820512820512,0.897435897435897,5.07692307692307,18,27,97,0,0,0,0,0,0,0,1,1,0,0,1,org.jfree.data.xy.XYSeriesCollection,0,jfree,0,0
StackedXYBarRenderer,1.8916625868451,0.0530973451327433,0,124.311594202898,222,4,9,427511.098497713,0,3,10,226,481,214,2,0,244,28,11,4,115,0.0560747663551401,3439.02836448175,43,32,12,2,2,75,414,489,23,9,7,0.0,0,0.0,52,59,142,2,73,6,0,4.3,2.1,11.5,86,6,56,0,0,0,0,0,0,0,0,0,0,0,0,org.jfree.chart.renderer.xy.StackedXYBarRenderer,0,jfree,0,0
CustomCategoryURLGenerator,0.486175111396521,0.0,0,58.1052631578947,10,1,2,55702.0226633512,0,1,6,82,169,82,5,0,9,10,3,2,47,0.0,958.639882793182,22,5,0,1,1,1,22,23,3,2,4,0.0,0,0.0,8,18,51,1,0,2,0,2.75,1.0,5.875,25,6,18,0,0,0,0,0,0,0,0,0,0,0,0,org.jfree.chart.urls.CustomCategoryURLGenerator,1,jfree,1,1
VectorRenderer,2.17046198008223,0.015625,0,136.875,220,3,3,525424.30223128,0,2,10,192,552,190,1,0,211,8,10,3,136,0.0105263157894736,3838.71636333355,30,20,3,1,1,60,366,426,17,3,7,0.0,0,0.0,52,62,124,2,58,4,0,5.0,2.5,22.6666666666666,51,4,40,0,0,0,0,0,0,0,0,0,0,0,0,org.jfree.chart.renderer.xy.VectorRenderer,0,jfree,0,0
SubCategoryAxis,2.69411255824007,0.0227272727272727,0,186.9,218,3,50,726616.886383894,0,1,10,220,535,216,9,0,120,13,8,7,130,0.0185185185185185,3887.73079927177,40,35,5,5,1,41,157,198,15,20,2,0.0,0,0.0,52,77,154,4,37,4,0,2.85714285714285,1.85714285714285,9.28571428571428,64,8,72,0,0,0,0,0,0,0,1,0,0,0,1,org.jfree.chart.axis.SubCategoryAxis,0,jfree,0,0
StandardXYBarPainter,0.622893923251258,0.05,0,65.0483870967741,222,1,29,80779.8464243157,0,2,10,100,204,95,3,0,9,9,3,2,57,0.0526315789473684,1241.84241961506,21,9,5,2,1,0,20,20,5,4,2,1.0,0,0.0,52,22,68,0,0,2,0,3.5,3.16666666666666,9.5,29,3,24,0,0,0,0,0,0,0,0,0,0,0,0,org.jfree.chart.renderer.xy.StandardXYBarPainter,0,jfree,0,1
QuarterDateFormat,0.314889748364786,0.0416666666666666,0,29.9736842105263,1,3,1,29034.8552245504,0,2,2,72,157,69,2,0,32,5,1,1,31,0.0434782608695652,968.678225226443,12,2,3,0,4,8,48,56,1,1,2,0.0,0,0.0,2,17,72,6,2,1,0,1.71428571428571,1.71428571428571,4.42857142857142,12,3,17,0,0,0,0,0,0,0,0,0,0,0,0,org.jfree.chart.axis.QuarterDateFormat,0,jfree,0,1
ItemLabelAnchor,0.489697390243838,0.0,0,22.7796610169491,0,1,345,56308.4491792489,0,1,1,169,391,169,2,0,9,26,0,5,63,0.0,2471.87388510095,33,9,0,0,1,27,17,44,0,9,1,0.0,0,0.0,1,27,80,27,0,2,0,6.6,0.4,12.6,52,4,6,0,0,0,0,0,0,0,0,0,0,0,0,org.jfree.chart.labels.ItemLabelAnchor,0,jfree,0,1
HistogramBin,0.187347829513159,0.0,0,22.7368421052631,0,1,16,13324.6214944937,0,2,1,51,108,51,5,0,9,4,0,1,22,0.0,586.036593507826,12,2,0,1,1,4,20,24,0,2,2,0.0,0,0.0,1,1,43,4,0,2,0,1.5,0.375,2.75,11,6,10,0,0,0,0,0,1,0,0,0,0,0,0,org.jfree.data.statistics.HistogramBin,1,jfree,1,1
YIntervalRenderer,1.27320441542765,0.056910569105691,0,118.695652173913,218,3,2,236063.63277576,0,2,10,123,290,116,4,0,212,7,12,2,66,0.0603448275862069,1988.81448858699,18,22,7,3,1,60,368,428,20,2,7,0.0,0,0.0,52,50,116,2,58,3,0,2.25,2.75,8.25,41,4,52,0,0,0,0,0,0,0,0,0,0,0,0,org.jfree.chart.renderer.xy.YIntervalRenderer,0,jfree,0,0
jfreechartTask,14.7006433519241,0.477885652642934,0,560.983606557377,367,1,26,9261607.9742203,0,1,14,1854,2088,975,54,0,11,16,16,1,558,0.901538461538461,16509.5875636305,140,93,886,1,0,1,66,67,91,2,0,1.0,877,1.0,56,-1,240,1,0,0,0,2.59259259259259,5.64814814814814,10.3333333333333,40,53,187,0,0,0,0,0,0,0,0,0,0,0,0,org.jfree.chart.ChartFactory,0,jfree,0,0
CategoryMarker,0.311336976820204,0.03125,42,35.5208333333333,217,2,341,28544.8613605578,0,3,9,64,139,63,4,0,40,6,4,4,29,0.0158730158730158,803.609000179927,16,12,2,2,3,16,61,77,4,8,2,0.0,0,0.0,51,12,55,2,14,3,0,1.6,1.4,2.9,12,5,20,0,0,0,0,0,0,0,0,0,0,0,0,org.jfree.chart.plot.CategoryMarker,1,jfree,1,1
LabelBlock,1.71201061529359,0.0162162162162162,0,119.13725490196,41,2,346,368079.441983578,0,2,9,185,453,183,16,0,37,12,6,5,95,0.0109289617486338,3089.54106997408,39,26,3,9,3,17,84,101,17,9,5,0.0,0,0.0,9,53,113,10,7,5,0,1.625,0.958333333333333,3.95833333333333,24,12,61,0,1,0,0,0,0,0,0,0,0,0,0,org.jfree.chart.block.LabelBlock,0,jfree,0,0
DefaultKeyedValues2DDataset,0.00784235330787062,0.2,0,4.0,25,3,22,114.117300051923,0,0,7,5,9,4,0,0,49,-1,2,9,0,0.25,28.5293250129808,0,24,1,0,0,5,70,75,2,22,9,0.0,0,1.0,8,0,9,1,4,0,0,-1.0,0.0,-1.0,-1,0,0,0,0,0,0,0,0,0,0,0,1,0,1,org.jfree.data.general.DefaultKeyedValues2DDataset,0,jfree,0,0
XYItemRendererState,0.058451524520148,0.03125,0,8.66666666666666,25,2,351,2322.07181084237,0,3,8,32,61,31,6,6,15,1,3,3,9,0.032258064516129,267.931362789504,7,64,1,3,1,6,24,30,3,61,0,0.0,0,0.0,8,1,21,4,2,0,0,1.0,2.0,1.28571428571428,3,3,9,0,0,0,0,0,0,0,0,0,0,0,0,org.jfree.chart.renderer.xy.XYItemRendererState,1,jfree,1,0
StandardXYToolTipGenerator,0.191718090998796,0.0,0,31.0,19,2,41,13793.5650064527,0,2,7,48,82,48,2,2,18,3,3,4,13,0.0,444.953709885572,11,15,0,0,5,8,39,47,4,11,4,0.0,0,0.0,9,12,43,2,6,2,0,1.22222222222222,1.77777777777777,1.44444444444444,5,4,19,0,1,0,0,0,0,0,0,0,0,0,0,org.jfree.chart.labels.StandardXYToolTipGenerator,1,jfree,1,1
StackedXYAreaRenderer,3.68391510740618,0.0856164383561643,0,220.999999999999,221,4,8,1161839.94190411,1,4,11,292,704,267,7,0,223,33,11,3,144,0.0936329588014981,5257.19430725843,55,31,25,5,3,68,398,466,23,8,7,0.0,0,0.0,53,122,177,3,65,6,0,3.4375,1.875,9.0,103,8,86,0,0,0,0,0,0,0,0,1,0,0,0,org.jfree.chart.renderer.xy.StackedXYAreaRenderer,0,jfree,0,0
StandardXYItemRenderer,5.50852387287392,0.0527522935779816,0,252.133333333333,219,3,40,2124392.38481522,1,1,10,436,1064,413,26,1,211,31,12,3,222,0.0556900726392251,8425.67048446016,91,35,23,13,4,75,394,469,27,8,7,0.0,2,0.0294117647058823,52,91,242,17,58,4,0,2.67647058823529,1.55882352941176,6.52941176470588,94,17,117,1,0,0,0,0,0,0,0,0,0,0,1,org.jfree.chart.renderer.xy.StandardXYItemRenderer,0,jfree,0,0
ExportUtils,0.445789257786683,0.0350877192982456,0,33.9111111111111,2,1,1,48907.5920112502,0,4,2,114,233,110,6,0,11,2,2,1,64,0.0363636363636363,1442.22912221904,8,3,4,4,0,0,18,18,2,1,0,1.0,0,0.0,2,39,73,0,0,0,0,1.33333333333333,2.66666666666666,10.6666666666666,22,2,24,0,0,1,0,0,0,0,0,0,1,0,1,org.jfree.chart.util.ExportUtils,0,jfree,0,0
DirectionalGradientPaintTransformer,0.487176316808304,0.150943396226415,0,60.0,1,1,1,55874.1762787697,0,1,2,53,165,45,1,0,11,9,1,1,26,0.177777777777777,931.236271312829,10,2,8,0,1,0,15,15,1,1,1,1.0,0,0.0,2,21,50,0,0,0,0,5.0,1.0,13.0,25,1,16,0,0,0,0,0,0,0,0,0,0,0,1,org.jfree.chart.util.DirectionalGradientPaintTransformer,0,jfree,0,0
